source,target,rel
0,1,targets
0,2,requires
0,3,hasType
0,4,hasIntensity
0,5,hasForce
0,6,hasMechanic
0,7,supportsGoal
0,8,supportsGoal
9,10,targets
9,11,recruits
9,2,requires
9,12,hasType
9,4,hasIntensity
9,13,hasForce
9,14,supportsGoal
9,15,supportsGoal
16,1,targets
16,17,requires
16,3,hasType
16,18,hasIntensity
16,5,hasForce
16,19,hasMechanic
16,7,supportsGoal
16,8,supportsGoal
20,1,targets
20,21,recruits
20,22,requires
20,3,hasType
20,18,hasIntensity
20,5,hasForce
20,6,hasMechanic
20,7,supportsGoal
20,8,supportsGoal
23,24,targets
23,25,requires
23,12,hasType
23,18,hasIntensity
23,26,hasForce
23,19,hasMechanic
23,14,supportsGoal
23,15,supportsGoal
27,24,targets
27,2,requires
27,12,hasType
27,18,hasIntensity
27,26,hasForce
27,14,supportsGoal
27,15,supportsGoal
28,1,targets
28,29,recruits
28,10,recruits
28,21,recruits
28,30,requires
28,3,hasType
28,18,hasIntensity
28,13,hasForce
28,19,hasMechanic
28,7,supportsGoal
28,8,supportsGoal
31,1,targets
31,2,requires
31,3,hasType
31,4,hasIntensity
31,5,hasForce
31,6,hasMechanic
31,7,supportsGoal
31,8,supportsGoal
32,33,targets
32,2,requires
32,12,hasType
32,18,hasIntensity
32,26,hasForce
32,14,supportsGoal
32,15,supportsGoal
34,35,targets
34,36,recruits
34,37,requires
34,3,hasType
34,4,hasIntensity
34,5,hasForce
34,19,hasMechanic
34,7,supportsGoal
34,8,supportsGoal
38,1,targets
38,2,requires
38,3,hasType
38,4,hasIntensity
38,5,hasForce
38,19,hasMechanic
38,7,supportsGoal
38,8,supportsGoal
39,35,targets
39,36,recruits
39,37,requires
39,3,hasType
39,4,hasIntensity
39,5,hasForce
39,19,hasMechanic
39,7,supportsGoal
39,8,supportsGoal
40,33,targets
40,41,recruits
40,24,recruits
40,11,recruits
40,29,recruits
40,10,recruits
40,2,requires
40,42,hasType
40,4,hasIntensity
40,13,hasForce
40,6,hasMechanic
40,43,supportsGoal
44,21,targets
44,45,recruits
44,46,requires
44,3,hasType
44,4,hasIntensity
44,13,hasForce
44,6,hasMechanic
44,7,supportsGoal
44,8,supportsGoal
47,21,targets
47,37,requires
47,3,hasType
47,4,hasIntensity
47,13,hasForce
47,19,hasMechanic
47,7,supportsGoal
47,8,supportsGoal
48,49,targets
48,1,recruits
48,21,recruits
48,45,recruits
48,30,requires
48,3,hasType
48,4,hasIntensity
48,13,hasForce
48,6,hasMechanic
48,7,supportsGoal
48,8,supportsGoal
50,10,targets
50,35,recruits
50,11,recruits
50,36,recruits
50,29,recruits
50,51,recruits
50,52,recruits
50,30,requires
50,3,hasType
50,18,hasIntensity
50,5,hasForce
50,6,hasMechanic
50,7,supportsGoal
50,8,supportsGoal
53,21,targets
53,45,recruits
53,30,requires
53,3,hasType
53,18,hasIntensity
53,13,hasForce
53,6,hasMechanic
53,7,supportsGoal
53,8,supportsGoal
54,55,targets
54,35,recruits
54,56,recruits
54,30,requires
54,3,hasType
54,18,hasIntensity
54,5,hasForce
54,19,hasMechanic
54,7,supportsGoal
54,8,supportsGoal
57,55,targets
57,1,recruits
57,35,recruits
57,49,recruits
57,56,recruits
57,45,recruits
57,30,requires
57,3,hasType
57,58,hasIntensity
57,5,hasForce
57,6,hasMechanic
57,7,supportsGoal
57,8,supportsGoal
59,11,targets
59,2,requires
59,12,hasType
59,4,hasIntensity
59,5,hasForce
59,19,hasMechanic
59,14,supportsGoal
59,15,supportsGoal
60,29,targets
60,2,requires
60,12,hasType
60,4,hasIntensity
60,26,hasForce
60,14,supportsGoal
60,15,supportsGoal
61,11,targets
61,22,requires
61,12,hasType
61,18,hasIntensity
61,26,hasForce
61,14,supportsGoal
61,15,supportsGoal
62,21,targets
62,55,recruits
62,52,recruits
62,45,recruits
62,63,requires
62,3,hasType
62,4,hasIntensity
62,13,hasForce
62,6,hasMechanic
62,7,supportsGoal
62,8,supportsGoal
64,21,targets
64,52,recruits
64,2,requires
64,12,hasType
64,4,hasIntensity
64,13,hasForce
64,19,hasMechanic
64,14,supportsGoal
64,15,supportsGoal
65,21,targets
65,45,recruits
65,37,requires
65,3,hasType
65,18,hasIntensity
65,13,hasForce
65,6,hasMechanic
65,7,supportsGoal
65,8,supportsGoal
66,49,targets
66,21,recruits
66,37,requires
66,3,hasType
66,18,hasIntensity
66,13,hasForce
66,6,hasMechanic
66,7,supportsGoal
66,8,supportsGoal
67,51,targets
67,35,recruits
67,36,recruits
67,29,recruits
67,10,recruits
67,33,recruits
67,22,requires
67,68,hasType
67,18,hasIntensity
67,5,hasForce
67,6,hasMechanic
67,43,supportsGoal
67,7,supportsGoal
69,51,targets
69,1,recruits
69,24,recruits
69,35,recruits
69,11,recruits
69,36,recruits
69,29,recruits
69,10,recruits
69,55,recruits
69,33,recruits
69,52,recruits
69,22,requires
69,68,hasType
69,58,hasIntensity
69,5,hasForce
69,6,hasMechanic
69,43,supportsGoal
69,7,supportsGoal
70,51,targets
70,36,recruits
70,29,recruits
70,10,recruits
70,55,recruits
70,33,recruits
70,52,recruits
70,22,requires
70,68,hasType
70,18,hasIntensity
70,5,hasForce
70,6,hasMechanic
70,43,supportsGoal
70,7,supportsGoal
71,21,targets
71,55,recruits
71,45,recruits
71,72,requires
71,3,hasType
71,4,hasIntensity
71,5,hasForce
71,6,hasMechanic
71,7,supportsGoal
71,8,supportsGoal
73,33,targets
73,11,recruits
73,36,recruits
73,29,recruits
73,10,recruits
73,51,recruits
73,22,requires
73,68,hasType
73,4,hasIntensity
73,5,hasForce
73,6,hasMechanic
73,43,supportsGoal
73,7,supportsGoal
74,21,targets
74,75,requires
74,42,hasType
74,4,hasIntensity
74,13,hasForce
74,6,hasMechanic
74,43,supportsGoal
76,11,targets
76,10,recruits
76,33,recruits
76,22,requires
76,3,hasType
76,4,hasIntensity
76,6,hasMechanic
76,7,supportsGoal
76,8,supportsGoal
77,10,targets
77,11,recruits
77,29,recruits
77,78,requires
77,3,hasType
77,4,hasIntensity
77,5,hasForce
77,19,hasMechanic
77,7,supportsGoal
77,8,supportsGoal
79,56,targets
79,1,recruits
79,36,recruits
79,55,recruits
79,22,requires
79,3,hasType
79,4,hasIntensity
79,6,hasMechanic
79,7,supportsGoal
79,8,supportsGoal
80,10,targets
80,29,recruits
80,51,recruits
80,72,requires
80,68,hasType
80,4,hasIntensity
80,5,hasForce
80,6,hasMechanic
80,7,supportsGoal
81,10,targets
81,29,recruits
81,51,recruits
81,72,requires
81,68,hasType
81,4,hasIntensity
81,5,hasForce
81,6,hasMechanic
81,7,supportsGoal
82,24,targets
82,72,requires
82,3,hasType
82,4,hasIntensity
82,5,hasForce
82,19,hasMechanic
82,7,supportsGoal
82,8,supportsGoal
83,21,targets
83,55,recruits
83,52,recruits
83,72,requires
83,3,hasType
83,4,hasIntensity
83,5,hasForce
83,19,hasMechanic
83,7,supportsGoal
83,8,supportsGoal
84,45,targets
84,72,requires
84,3,hasType
84,4,hasIntensity
84,13,hasForce
84,19,hasMechanic
84,7,supportsGoal
84,8,supportsGoal
85,1,targets
85,51,recruits
85,21,recruits
85,63,requires
85,3,hasType
85,18,hasIntensity
85,5,hasForce
85,6,hasMechanic
85,7,supportsGoal
85,8,supportsGoal
86,1,targets
86,51,recruits
86,21,recruits
86,63,requires
86,3,hasType
86,58,hasIntensity
86,5,hasForce
86,6,hasMechanic
86,7,supportsGoal
86,8,supportsGoal
87,49,targets
87,21,recruits
87,45,recruits
87,63,requires
87,3,hasType
87,4,hasIntensity
87,13,hasForce
87,6,hasMechanic
87,7,supportsGoal
87,8,supportsGoal
88,35,targets
88,36,recruits
88,63,requires
88,3,hasType
88,4,hasIntensity
88,5,hasForce
88,19,hasMechanic
88,7,supportsGoal
88,8,supportsGoal
89,35,targets
89,63,requires
89,3,hasType
89,4,hasIntensity
89,5,hasForce
89,19,hasMechanic
89,7,supportsGoal
89,8,supportsGoal
90,51,targets
90,11,recruits
90,36,recruits
90,29,recruits
90,10,recruits
90,56,recruits
90,55,recruits
90,33,recruits
90,52,recruits
90,63,requires
90,3,hasType
90,18,hasIntensity
90,5,hasForce
90,6,hasMechanic
90,7,supportsGoal
90,8,supportsGoal
91,33,targets
91,11,recruits
91,29,recruits
91,10,recruits
91,51,recruits
91,63,requires
91,3,hasType
91,18,hasIntensity
91,13,hasForce
91,6,hasMechanic
91,7,supportsGoal
91,8,supportsGoal
92,29,targets
92,11,recruits
92,10,recruits
92,63,requires
92,68,hasType
92,18,hasIntensity
92,13,hasForce
92,6,hasMechanic
92,7,supportsGoal
93,49,targets
93,21,recruits
93,45,recruits
93,63,requires
93,3,hasType
93,18,hasIntensity
93,13,hasForce
93,6,hasMechanic
93,7,supportsGoal
93,8,supportsGoal
94,33,targets
94,11,recruits
94,36,recruits
94,10,recruits
94,63,requires
94,3,hasType
94,18,hasIntensity
94,13,hasForce
94,6,hasMechanic
94,7,supportsGoal
94,8,supportsGoal
95,29,targets
95,11,recruits
95,10,recruits
95,63,requires
95,68,hasType
95,18,hasIntensity
95,13,hasForce
95,6,hasMechanic
95,7,supportsGoal
96,49,targets
96,21,recruits
96,45,recruits
96,63,requires
96,3,hasType
96,4,hasIntensity
96,13,hasForce
96,6,hasMechanic
96,7,supportsGoal
96,8,supportsGoal
97,21,targets
97,49,recruits
97,63,requires
97,3,hasType
97,4,hasIntensity
97,13,hasForce
97,6,hasMechanic
97,7,supportsGoal
97,8,supportsGoal
98,33,targets
98,11,recruits
98,29,recruits
98,10,recruits
98,63,requires
98,3,hasType
98,18,hasIntensity
98,13,hasForce
98,6,hasMechanic
98,7,supportsGoal
98,8,supportsGoal
99,21,targets
99,35,recruits
99,56,recruits
99,55,recruits
99,63,requires
99,3,hasType
99,4,hasIntensity
99,5,hasForce
99,6,hasMechanic
99,7,supportsGoal
99,8,supportsGoal
100,1,targets
100,29,recruits
100,10,recruits
100,56,recruits
100,21,recruits
100,63,requires
100,3,hasType
100,18,hasIntensity
100,5,hasForce
100,6,hasMechanic
100,7,supportsGoal
100,8,supportsGoal
101,11,targets
101,63,requires
101,3,hasType
101,4,hasIntensity
101,13,hasForce
101,19,hasMechanic
101,7,supportsGoal
101,8,supportsGoal
102,21,targets
102,49,recruits
102,45,recruits
102,63,requires
102,3,hasType
102,18,hasIntensity
102,13,hasForce
102,6,hasMechanic
102,7,supportsGoal
102,8,supportsGoal
103,52,targets
103,63,requires
103,3,hasType
103,4,hasIntensity
103,5,hasForce
103,19,hasMechanic
103,7,supportsGoal
103,8,supportsGoal
104,52,targets
104,36,recruits
104,55,recruits
104,63,requires
104,3,hasType
104,4,hasIntensity
104,5,hasForce
104,19,hasMechanic
104,7,supportsGoal
104,8,supportsGoal
105,1,targets
105,51,recruits
105,63,requires
105,3,hasType
105,4,hasIntensity
105,5,hasForce
105,19,hasMechanic
105,7,supportsGoal
105,8,supportsGoal
106,33,targets
106,11,recruits
106,10,recruits
106,51,recruits
106,63,requires
106,3,hasType
106,4,hasIntensity
106,13,hasForce
106,6,hasMechanic
106,7,supportsGoal
106,8,supportsGoal
107,33,targets
107,11,recruits
107,29,recruits
107,10,recruits
107,51,recruits
107,63,requires
107,3,hasType
107,4,hasIntensity
107,13,hasForce
107,6,hasMechanic
107,7,supportsGoal
107,8,supportsGoal
108,33,targets
108,11,recruits
108,29,recruits
108,10,recruits
108,51,recruits
108,63,requires
108,3,hasType
108,58,hasIntensity
108,13,hasForce
108,6,hasMechanic
108,7,supportsGoal
108,8,supportsGoal
109,33,targets
109,11,recruits
109,29,recruits
109,10,recruits
109,63,requires
109,3,hasType
109,18,hasIntensity
109,13,hasForce
109,6,hasMechanic
109,7,supportsGoal
109,8,supportsGoal
110,33,targets
110,11,recruits
110,29,recruits
110,10,recruits
110,63,requires
110,3,hasType
110,4,hasIntensity
110,13,hasForce
110,6,hasMechanic
110,7,supportsGoal
110,8,supportsGoal
111,21,targets
111,49,recruits
111,36,recruits
111,22,requires
111,3,hasType
111,4,hasIntensity
111,13,hasForce
111,6,hasMechanic
111,7,supportsGoal
111,8,supportsGoal
112,33,targets
112,11,recruits
112,29,recruits
112,10,recruits
112,22,requires
112,68,hasType
112,4,hasIntensity
112,13,hasForce
112,6,hasMechanic
112,43,supportsGoal
112,7,supportsGoal
113,49,targets
113,21,recruits
113,22,requires
113,12,hasType
113,58,hasIntensity
113,26,hasForce
113,19,hasMechanic
113,14,supportsGoal
113,15,supportsGoal
114,45,targets
114,49,recruits
114,21,recruits
114,2,requires
114,3,hasType
114,4,hasIntensity
114,13,hasForce
114,6,hasMechanic
114,7,supportsGoal
114,8,supportsGoal
115,33,targets
115,11,recruits
115,29,recruits
115,10,recruits
115,2,requires
115,42,hasType
115,18,hasIntensity
115,13,hasForce
115,6,hasMechanic
115,43,supportsGoal
116,45,targets
116,49,recruits
116,36,recruits
116,56,recruits
116,21,recruits
116,63,requires
116,68,hasType
116,18,hasIntensity
116,13,hasForce
116,6,hasMechanic
116,7,supportsGoal
117,49,targets
117,21,recruits
117,45,recruits
117,72,requires
117,3,hasType
117,4,hasIntensity
117,13,hasForce
117,6,hasMechanic
117,7,supportsGoal
117,8,supportsGoal
118,45,targets
118,49,recruits
118,56,recruits
118,21,recruits
118,63,requires
118,68,hasType
118,58,hasIntensity
118,13,hasForce
118,6,hasMechanic
118,7,supportsGoal
119,33,targets
119,11,recruits
119,29,recruits
119,10,recruits
119,22,requires
119,42,hasType
119,4,hasIntensity
119,13,hasForce
119,6,hasMechanic
119,43,supportsGoal
120,56,targets
120,49,recruits
120,21,recruits
120,45,recruits
120,63,requires
120,3,hasType
120,18,hasIntensity
120,5,hasForce
120,6,hasMechanic
120,7,supportsGoal
120,8,supportsGoal
121,49,targets
121,56,recruits
121,21,recruits
121,45,recruits
121,37,requires
121,3,hasType
121,18,hasIntensity
121,13,hasForce
121,6,hasMechanic
121,7,supportsGoal
121,8,supportsGoal
122,1,targets
122,2,requires
122,3,hasType
122,4,hasIntensity
122,5,hasForce
122,6,hasMechanic
122,7,supportsGoal
122,8,supportsGoal
123,55,targets
123,35,recruits
123,56,recruits
123,21,recruits
123,63,requires
123,3,hasType
123,4,hasIntensity
123,5,hasForce
123,6,hasMechanic
123,7,supportsGoal
123,8,supportsGoal
124,21,targets
124,37,requires
124,3,hasType
124,4,hasIntensity
124,5,hasForce
124,19,hasMechanic
124,7,supportsGoal
124,8,supportsGoal
125,21,targets
125,51,recruits
125,55,recruits
125,52,recruits
125,46,requires
125,3,hasType
125,4,hasIntensity
125,5,hasForce
125,19,hasMechanic
125,7,supportsGoal
125,8,supportsGoal
126,55,targets
126,35,recruits
126,56,recruits
126,51,recruits
126,52,recruits
126,63,requires
126,3,hasType
126,4,hasIntensity
126,5,hasForce
126,6,hasMechanic
126,7,supportsGoal
126,8,supportsGoal
127,55,targets
127,35,recruits
127,56,recruits
127,63,requires
127,3,hasType
127,18,hasIntensity
127,5,hasForce
127,6,hasMechanic
127,7,supportsGoal
127,8,supportsGoal
128,55,targets
128,35,recruits
128,56,recruits
128,21,recruits
128,37,requires
128,3,hasType
128,4,hasIntensity
128,5,hasForce
128,6,hasMechanic
128,7,supportsGoal
128,8,supportsGoal
129,55,targets
129,35,recruits
129,56,recruits
129,37,requires
129,3,hasType
129,4,hasIntensity
129,5,hasForce
129,6,hasMechanic
129,7,supportsGoal
129,8,supportsGoal
130,1,targets
130,29,recruits
130,10,recruits
130,51,recruits
130,33,recruits
130,21,recruits
130,45,recruits
130,30,requires
130,3,hasType
130,58,hasIntensity
130,5,hasForce
130,6,hasMechanic
130,7,supportsGoal
130,8,supportsGoal
131,33,targets
131,11,recruits
131,29,recruits
131,10,recruits
131,22,requires
131,132,hasType
131,4,hasIntensity
131,133,supportsGoal
131,134,supportsGoal
135,33,targets
135,11,recruits
135,29,recruits
135,10,recruits
135,17,requires
135,132,hasType
135,4,hasIntensity
135,133,supportsGoal
135,134,supportsGoal
136,45,targets
136,49,recruits
136,36,recruits
136,56,recruits
136,21,recruits
136,63,requires
136,68,hasType
136,18,hasIntensity
136,13,hasForce
136,6,hasMechanic
136,7,supportsGoal
137,45,targets
137,1,recruits
137,36,recruits
137,2,requires
137,3,hasType
137,18,hasIntensity
137,13,hasForce
137,19,hasMechanic
137,7,supportsGoal
137,8,supportsGoal
138,45,targets
138,2,requires
138,3,hasType
138,4,hasIntensity
138,13,hasForce
138,19,hasMechanic
138,7,supportsGoal
138,8,supportsGoal
139,49,targets
139,1,recruits
139,21,recruits
139,45,recruits
139,140,requires
139,3,hasType
139,18,hasIntensity
139,13,hasForce
139,19,hasMechanic
139,7,supportsGoal
139,8,supportsGoal
141,55,targets
141,35,recruits
141,56,recruits
141,22,requires
141,3,hasType
141,18,hasIntensity
141,5,hasForce
141,6,hasMechanic
141,7,supportsGoal
141,8,supportsGoal
142,33,targets
142,29,recruits
142,10,recruits
142,2,requires
142,3,hasType
142,4,hasIntensity
142,13,hasForce
142,6,hasMechanic
142,7,supportsGoal
142,8,supportsGoal
143,33,targets
143,11,recruits
143,29,recruits
143,10,recruits
143,2,requires
143,3,hasType
143,4,hasIntensity
143,13,hasForce
143,6,hasMechanic
143,7,supportsGoal
143,8,supportsGoal
144,1,targets
144,46,requires
144,3,hasType
144,4,hasIntensity
144,5,hasForce
144,19,hasMechanic
144,7,supportsGoal
144,8,supportsGoal
145,36,targets
145,35,recruits
145,21,recruits
145,30,requires
145,3,hasType
145,18,hasIntensity
145,5,hasForce
145,6,hasMechanic
145,7,supportsGoal
145,8,supportsGoal
146,1,targets
146,2,requires
146,3,hasType
146,4,hasIntensity
146,5,hasForce
146,6,hasMechanic
146,7,supportsGoal
146,8,supportsGoal
147,10,targets
147,41,recruits
147,24,recruits
147,11,recruits
147,29,recruits
147,33,recruits
147,22,requires
147,42,hasType
147,4,hasIntensity
147,13,hasForce
147,6,hasMechanic
147,43,supportsGoal
148,10,targets
148,41,recruits
148,24,recruits
148,11,recruits
148,29,recruits
148,33,recruits
148,22,requires
148,42,hasType
148,4,hasIntensity
148,13,hasForce
148,6,hasMechanic
148,43,supportsGoal
149,33,targets
149,24,recruits
149,11,recruits
149,29,recruits
149,10,recruits
149,51,recruits
149,63,requires
149,68,hasType
149,18,hasIntensity
149,13,hasForce
149,6,hasMechanic
149,7,supportsGoal
150,33,targets
150,41,recruits
150,24,recruits
150,11,recruits
150,29,recruits
150,10,recruits
150,51,recruits
150,63,requires
150,68,hasType
150,58,hasIntensity
150,13,hasForce
150,6,hasMechanic
150,7,supportsGoal
151,33,targets
151,41,recruits
151,24,recruits
151,11,recruits
151,29,recruits
151,10,recruits
151,51,recruits
151,63,requires
151,3,hasType
151,58,hasIntensity
151,13,hasForce
151,6,hasMechanic
151,7,supportsGoal
151,8,supportsGoal
152,35,targets
152,25,requires
152,12,hasType
152,18,hasIntensity
152,26,hasForce
152,14,supportsGoal
152,15,supportsGoal
153,21,targets
153,45,recruits
153,63,requires
153,3,hasType
153,4,hasIntensity
153,13,hasForce
153,6,hasMechanic
153,7,supportsGoal
153,8,supportsGoal
154,1,targets
154,2,requires
154,3,hasType
154,4,hasIntensity
154,5,hasForce
154,6,hasMechanic
154,7,supportsGoal
154,8,supportsGoal
155,29,targets
155,10,recruits
155,2,requires
155,3,hasType
155,4,hasIntensity
155,13,hasForce
155,19,hasMechanic
155,7,supportsGoal
155,8,supportsGoal
156,49,targets
156,17,requires
156,3,hasType
156,4,hasIntensity
156,5,hasForce
156,19,hasMechanic
156,7,supportsGoal
156,8,supportsGoal
157,49,targets
157,21,recruits
157,45,recruits
157,46,requires
157,3,hasType
157,4,hasIntensity
157,13,hasForce
157,6,hasMechanic
157,7,supportsGoal
157,8,supportsGoal
158,49,targets
158,21,recruits
158,46,requires
158,3,hasType
158,4,hasIntensity
158,13,hasForce
158,19,hasMechanic
158,7,supportsGoal
158,8,supportsGoal
159,1,targets
159,46,requires
159,3,hasType
159,4,hasIntensity
159,5,hasForce
159,19,hasMechanic
159,7,supportsGoal
159,8,supportsGoal
160,33,targets
160,36,recruits
160,29,recruits
160,10,recruits
160,51,recruits
160,46,requires
160,3,hasType
160,4,hasIntensity
160,5,hasForce
160,6,hasMechanic
160,7,supportsGoal
160,8,supportsGoal
161,35,targets
161,46,requires
161,3,hasType
161,4,hasIntensity
161,5,hasForce
161,19,hasMechanic
161,7,supportsGoal
161,8,supportsGoal
162,33,targets
162,46,requires
162,3,hasType
162,4,hasIntensity
162,5,hasForce
162,19,hasMechanic
162,7,supportsGoal
162,8,supportsGoal
163,56,targets
163,46,requires
163,3,hasType
163,4,hasIntensity
163,5,hasForce
163,19,hasMechanic
163,7,supportsGoal
163,8,supportsGoal
164,45,targets
164,46,requires
164,3,hasType
164,4,hasIntensity
164,13,hasForce
164,19,hasMechanic
164,7,supportsGoal
164,8,supportsGoal
165,21,targets
165,46,requires
165,3,hasType
165,4,hasIntensity
165,5,hasForce
165,6,hasMechanic
165,7,supportsGoal
165,8,supportsGoal
166,49,targets
166,46,requires
166,3,hasType
166,4,hasIntensity
166,13,hasForce
166,19,hasMechanic
166,7,supportsGoal
166,8,supportsGoal
167,1,targets
167,46,requires
167,3,hasType
167,4,hasIntensity
167,5,hasForce
167,6,hasMechanic
167,7,supportsGoal
167,8,supportsGoal
168,45,targets
168,46,requires
168,3,hasType
168,4,hasIntensity
168,13,hasForce
168,19,hasMechanic
168,7,supportsGoal
168,8,supportsGoal
169,45,targets
169,46,requires
169,3,hasType
169,4,hasIntensity
169,13,hasForce
169,19,hasMechanic
169,7,supportsGoal
169,8,supportsGoal
170,35,targets
170,36,recruits
170,46,requires
170,3,hasType
170,4,hasIntensity
170,5,hasForce
170,19,hasMechanic
170,7,supportsGoal
170,8,supportsGoal
171,21,targets
171,46,requires
171,3,hasType
171,4,hasIntensity
171,5,hasForce
171,19,hasMechanic
171,7,supportsGoal
171,8,supportsGoal
172,1,targets
172,46,requires
172,3,hasType
172,4,hasIntensity
172,5,hasForce
172,19,hasMechanic
172,7,supportsGoal
172,8,supportsGoal
173,45,targets
173,46,requires
173,3,hasType
173,4,hasIntensity
173,13,hasForce
173,19,hasMechanic
173,7,supportsGoal
173,8,supportsGoal
174,21,targets
174,35,recruits
174,55,recruits
174,46,requires
174,3,hasType
174,4,hasIntensity
174,5,hasForce
174,6,hasMechanic
174,7,supportsGoal
174,8,supportsGoal
175,1,targets
175,46,requires
175,3,hasType
175,4,hasIntensity
175,5,hasForce
175,6,hasMechanic
175,7,supportsGoal
175,8,supportsGoal
176,1,targets
176,46,requires
176,3,hasType
176,4,hasIntensity
176,5,hasForce
176,19,hasMechanic
176,7,supportsGoal
176,8,supportsGoal
177,21,targets
177,55,recruits
177,52,recruits
177,46,requires
177,3,hasType
177,4,hasIntensity
177,5,hasForce
177,19,hasMechanic
177,7,supportsGoal
177,8,supportsGoal
178,21,targets
178,45,recruits
178,46,requires
178,3,hasType
178,4,hasIntensity
178,13,hasForce
178,6,hasMechanic
178,7,supportsGoal
178,8,supportsGoal
179,52,targets
179,46,requires
179,3,hasType
179,4,hasIntensity
179,5,hasForce
179,19,hasMechanic
179,7,supportsGoal
179,8,supportsGoal
180,36,targets
180,46,requires
180,3,hasType
180,4,hasIntensity
180,5,hasForce
180,19,hasMechanic
180,7,supportsGoal
180,8,supportsGoal
181,52,targets
181,17,requires
181,3,hasType
181,4,hasIntensity
181,5,hasForce
181,19,hasMechanic
181,7,supportsGoal
181,8,supportsGoal
182,11,targets
182,17,requires
182,3,hasType
182,4,hasIntensity
182,13,hasForce
182,19,hasMechanic
182,7,supportsGoal
182,8,supportsGoal
183,11,targets
183,17,requires
183,3,hasType
183,4,hasIntensity
183,13,hasForce
183,19,hasMechanic
183,7,supportsGoal
183,8,supportsGoal
184,11,targets
184,37,requires
184,3,hasType
184,18,hasIntensity
184,13,hasForce
184,19,hasMechanic
184,7,supportsGoal
184,8,supportsGoal
185,11,targets
185,72,requires
185,3,hasType
185,4,hasIntensity
185,13,hasForce
185,19,hasMechanic
185,7,supportsGoal
185,8,supportsGoal
186,11,targets
186,2,requires
186,12,hasType
186,4,hasIntensity
186,26,hasForce
186,19,hasMechanic
186,14,supportsGoal
186,15,supportsGoal
187,11,targets
187,2,requires
187,12,hasType
187,4,hasIntensity
187,26,hasForce
187,19,hasMechanic
187,14,supportsGoal
187,15,supportsGoal
188,11,targets
188,25,requires
188,12,hasType
188,18,hasIntensity
188,26,hasForce
188,14,supportsGoal
188,15,supportsGoal
189,33,targets
189,36,recruits
189,29,recruits
189,10,recruits
189,51,recruits
189,52,recruits
189,22,requires
189,68,hasType
189,18,hasIntensity
189,5,hasForce
189,6,hasMechanic
189,43,supportsGoal
189,7,supportsGoal
190,21,targets
190,36,recruits
190,63,requires
190,3,hasType
190,4,hasIntensity
190,13,hasForce
190,19,hasMechanic
190,7,supportsGoal
190,8,supportsGoal
191,24,targets
191,1,recruits
191,41,recruits
191,11,recruits
191,29,recruits
191,10,recruits
191,33,recruits
191,2,requires
191,42,hasType
191,4,hasIntensity
191,43,supportsGoal
192,51,targets
192,55,recruits
192,52,recruits
192,2,requires
192,12,hasType
192,4,hasIntensity
192,26,hasForce
192,14,supportsGoal
192,15,supportsGoal
193,56,targets
193,1,recruits
193,49,recruits
193,21,recruits
193,75,requires
193,42,hasType
193,4,hasIntensity
193,13,hasForce
193,6,hasMechanic
193,43,supportsGoal
194,45,targets
194,22,requires
194,68,hasType
194,18,hasIntensity
194,13,hasForce
194,19,hasMechanic
194,7,supportsGoal
195,49,targets
195,21,recruits
195,45,recruits
195,22,requires
195,68,hasType
195,18,hasIntensity
195,13,hasForce
195,6,hasMechanic
195,7,supportsGoal
196,10,targets
196,24,recruits
196,22,requires
196,12,hasType
196,4,hasIntensity
196,26,hasForce
196,19,hasMechanic
196,14,supportsGoal
196,15,supportsGoal
197,56,targets
197,51,recruits
197,2,requires
197,12,hasType
197,4,hasIntensity
197,26,hasForce
197,19,hasMechanic
197,14,supportsGoal
197,15,supportsGoal
198,33,targets
198,11,recruits
198,29,recruits
198,10,recruits
198,17,requires
198,3,hasType
198,4,hasIntensity
198,13,hasForce
198,6,hasMechanic
198,7,supportsGoal
198,8,supportsGoal
199,21,targets
199,35,recruits
199,49,recruits
199,22,requires
199,12,hasType
199,4,hasIntensity
199,26,hasForce
199,14,supportsGoal
199,15,supportsGoal
200,49,targets
200,21,recruits
200,22,requires
200,12,hasType
200,4,hasIntensity
200,26,hasForce
200,19,hasMechanic
200,14,supportsGoal
200,15,supportsGoal
201,49,targets
201,1,recruits
201,21,recruits
201,45,recruits
201,75,requires
201,42,hasType
201,4,hasIntensity
201,13,hasForce
201,6,hasMechanic
201,43,supportsGoal
202,49,targets
202,1,recruits
202,21,recruits
202,45,recruits
202,75,requires
202,42,hasType
202,4,hasIntensity
202,13,hasForce
202,6,hasMechanic
202,43,supportsGoal
203,49,targets
203,1,recruits
203,21,recruits
203,45,recruits
203,75,requires
203,42,hasType
203,4,hasIntensity
203,13,hasForce
203,6,hasMechanic
203,43,supportsGoal
204,49,targets
204,1,recruits
204,21,recruits
204,45,recruits
204,75,requires
204,42,hasType
204,4,hasIntensity
204,13,hasForce
204,6,hasMechanic
204,43,supportsGoal
205,49,targets
205,78,requires
205,12,hasType
205,4,hasIntensity
205,26,hasForce
205,19,hasMechanic
205,14,supportsGoal
205,15,supportsGoal
206,51,targets
206,29,recruits
206,55,recruits
206,2,requires
206,12,hasType
206,4,hasIntensity
206,26,hasForce
206,14,supportsGoal
206,15,supportsGoal
207,56,targets
207,35,recruits
207,36,recruits
207,55,recruits
207,2,requires
207,3,hasType
207,4,hasIntensity
207,5,hasForce
207,6,hasMechanic
207,7,supportsGoal
207,8,supportsGoal
208,209,targets
208,52,recruits
208,2,requires
208,12,hasType
208,4,hasIntensity
208,26,hasForce
208,14,supportsGoal
208,15,supportsGoal
210,21,targets
210,36,recruits
210,29,recruits
210,10,recruits
210,51,recruits
210,52,recruits
210,45,recruits
210,22,requires
210,68,hasType
210,58,hasIntensity
210,13,hasForce
210,6,hasMechanic
210,43,supportsGoal
210,7,supportsGoal
211,10,targets
211,11,recruits
211,36,recruits
211,29,recruits
211,51,recruits
211,33,recruits
211,21,recruits
211,52,recruits
211,63,requires
211,68,hasType
211,18,hasIntensity
211,5,hasForce
211,6,hasMechanic
211,43,supportsGoal
211,7,supportsGoal
212,10,targets
212,36,recruits
212,29,recruits
212,51,recruits
212,55,recruits
212,33,recruits
212,52,recruits
212,63,requires
212,68,hasType
212,4,hasIntensity
212,5,hasForce
212,6,hasMechanic
212,43,supportsGoal
212,7,supportsGoal
213,33,targets
213,36,recruits
213,29,recruits
213,10,recruits
213,51,recruits
213,52,recruits
213,63,requires
213,68,hasType
213,18,hasIntensity
213,5,hasForce
213,6,hasMechanic
213,43,supportsGoal
213,7,supportsGoal
214,52,targets
214,36,recruits
214,21,recruits
214,63,requires
214,68,hasType
214,4,hasIntensity
214,5,hasForce
214,6,hasMechanic
214,43,supportsGoal
214,7,supportsGoal
215,21,targets
215,1,recruits
215,29,recruits
215,10,recruits
215,51,recruits
215,33,recruits
215,52,recruits
215,45,recruits
215,63,requires
215,68,hasType
215,58,hasIntensity
215,13,hasForce
215,6,hasMechanic
215,43,supportsGoal
215,7,supportsGoal
216,21,targets
216,1,recruits
216,11,recruits
216,29,recruits
216,10,recruits
216,51,recruits
216,55,recruits
216,33,recruits
216,52,recruits
216,45,recruits
216,63,requires
216,3,hasType
216,18,hasIntensity
216,13,hasForce
216,6,hasMechanic
216,7,supportsGoal
216,8,supportsGoal
217,33,targets
217,11,recruits
217,29,recruits
217,10,recruits
217,21,recruits
217,52,recruits
217,63,requires
217,68,hasType
217,18,hasIntensity
217,5,hasForce
217,6,hasMechanic
217,43,supportsGoal
217,7,supportsGoal
218,49,targets
218,21,recruits
218,45,recruits
218,2,requires
218,3,hasType
218,18,hasIntensity
218,13,hasForce
218,6,hasMechanic
218,7,supportsGoal
218,8,supportsGoal
219,45,targets
219,49,recruits
219,21,recruits
219,63,requires
219,3,hasType
219,4,hasIntensity
219,13,hasForce
219,6,hasMechanic
219,7,supportsGoal
219,8,supportsGoal
220,45,targets
220,49,recruits
220,21,recruits
220,37,requires
220,3,hasType
220,4,hasIntensity
220,13,hasForce
220,6,hasMechanic
220,7,supportsGoal
220,8,supportsGoal
221,35,targets
221,36,recruits
221,140,requires
221,3,hasType
221,4,hasIntensity
221,5,hasForce
221,19,hasMechanic
221,7,supportsGoal
221,8,supportsGoal
222,45,targets
222,49,recruits
222,21,recruits
222,140,requires
222,3,hasType
222,4,hasIntensity
222,13,hasForce
222,6,hasMechanic
222,7,supportsGoal
222,8,supportsGoal
223,35,targets
223,36,recruits
223,63,requires
223,3,hasType
223,4,hasIntensity
223,5,hasForce
223,19,hasMechanic
223,7,supportsGoal
223,8,supportsGoal
224,56,targets
224,35,recruits
224,55,recruits
224,21,recruits
224,46,requires
224,3,hasType
224,4,hasIntensity
224,5,hasForce
224,6,hasMechanic
224,7,supportsGoal
224,8,supportsGoal
225,45,targets
225,1,recruits
225,49,recruits
225,21,recruits
225,2,requires
225,3,hasType
225,18,hasIntensity
225,13,hasForce
225,6,hasMechanic
225,7,supportsGoal
225,8,supportsGoal
226,35,targets
226,36,recruits
226,63,requires
226,3,hasType
226,4,hasIntensity
226,5,hasForce
226,19,hasMechanic
226,7,supportsGoal
226,8,supportsGoal
227,1,targets
227,2,requires
227,3,hasType
227,4,hasIntensity
227,5,hasForce
227,6,hasMechanic
227,7,supportsGoal
227,8,supportsGoal
228,33,targets
228,1,recruits
228,35,recruits
228,11,recruits
228,36,recruits
228,51,recruits
228,21,recruits
228,52,recruits
228,22,requires
228,68,hasType
228,18,hasIntensity
228,6,hasMechanic
228,43,supportsGoal
228,7,supportsGoal
229,35,targets
229,36,recruits
229,37,requires
229,3,hasType
229,4,hasIntensity
229,5,hasForce
229,19,hasMechanic
229,7,supportsGoal
229,8,supportsGoal
230,1,targets
230,2,requires
230,3,hasType
230,4,hasIntensity
230,5,hasForce
230,6,hasMechanic
230,7,supportsGoal
230,8,supportsGoal
231,35,targets
231,36,recruits
231,37,requires
231,3,hasType
231,4,hasIntensity
231,5,hasForce
231,19,hasMechanic
231,7,supportsGoal
231,8,supportsGoal
232,49,targets
232,35,recruits
232,21,recruits
232,72,requires
232,3,hasType
232,4,hasIntensity
232,13,hasForce
232,6,hasMechanic
232,7,supportsGoal
232,8,supportsGoal
233,51,targets
233,1,recruits
233,41,recruits
233,29,recruits
233,10,recruits
233,33,recruits
233,2,requires
233,12,hasType
233,18,hasIntensity
233,5,hasForce
233,14,supportsGoal
233,15,supportsGoal
234,21,targets
234,36,recruits
234,22,requires
234,68,hasType
234,4,hasIntensity
234,26,hasForce
234,19,hasMechanic
234,43,supportsGoal
234,7,supportsGoal
235,1,targets
235,2,requires
235,3,hasType
235,4,hasIntensity
235,5,hasForce
235,19,hasMechanic
235,7,supportsGoal
235,8,supportsGoal
236,1,targets
236,2,requires
236,3,hasType
236,4,hasIntensity
236,5,hasForce
236,19,hasMechanic
236,7,supportsGoal
236,8,supportsGoal
237,1,targets
237,2,requires
237,3,hasType
237,4,hasIntensity
237,5,hasForce
237,19,hasMechanic
237,7,supportsGoal
237,8,supportsGoal
238,21,targets
238,52,recruits
238,37,requires
238,3,hasType
238,18,hasIntensity
238,13,hasForce
238,6,hasMechanic
238,7,supportsGoal
238,8,supportsGoal
239,51,targets
239,41,recruits
239,29,recruits
239,2,requires
239,12,hasType
239,4,hasIntensity
239,26,hasForce
239,14,supportsGoal
239,15,supportsGoal
240,1,targets
240,2,requires
240,3,hasType
240,4,hasIntensity
240,5,hasForce
240,6,hasMechanic
240,7,supportsGoal
240,8,supportsGoal
241,51,targets
241,36,recruits
241,29,recruits
241,10,recruits
241,55,recruits
241,33,recruits
241,52,recruits
241,63,requires
241,68,hasType
241,58,hasIntensity
241,5,hasForce
241,6,hasMechanic
241,7,supportsGoal
242,51,targets
242,36,recruits
242,29,recruits
242,10,recruits
242,55,recruits
242,33,recruits
242,52,recruits
242,63,requires
242,68,hasType
242,58,hasIntensity
242,5,hasForce
242,6,hasMechanic
242,7,supportsGoal
243,49,targets
243,21,recruits
243,45,recruits
243,63,requires
243,3,hasType
243,4,hasIntensity
243,13,hasForce
243,6,hasMechanic
243,7,supportsGoal
243,8,supportsGoal
244,45,targets
244,49,recruits
244,21,recruits
244,63,requires
244,3,hasType
244,18,hasIntensity
244,13,hasForce
244,6,hasMechanic
244,7,supportsGoal
244,8,supportsGoal
245,1,targets
245,2,requires
245,3,hasType
245,18,hasIntensity
245,5,hasForce
245,19,hasMechanic
245,7,supportsGoal
245,8,supportsGoal
246,49,targets
246,21,recruits
246,45,recruits
246,37,requires
246,3,hasType
246,4,hasIntensity
246,13,hasForce
246,6,hasMechanic
246,7,supportsGoal
246,8,supportsGoal
247,49,targets
247,37,requires
247,3,hasType
247,4,hasIntensity
247,13,hasForce
247,6,hasMechanic
247,7,supportsGoal
247,8,supportsGoal
248,45,targets
248,37,requires
248,3,hasType
248,4,hasIntensity
248,13,hasForce
248,19,hasMechanic
248,7,supportsGoal
248,8,supportsGoal
249,45,targets
249,63,requires
249,3,hasType
249,4,hasIntensity
249,13,hasForce
249,19,hasMechanic
249,7,supportsGoal
249,8,supportsGoal
250,1,targets
250,2,requires
250,3,hasType
250,4,hasIntensity
250,5,hasForce
250,6,hasMechanic
250,7,supportsGoal
250,8,supportsGoal
251,49,targets
251,21,recruits
251,45,recruits
251,2,requires
251,3,hasType
251,4,hasIntensity
251,13,hasForce
251,6,hasMechanic
251,7,supportsGoal
251,8,supportsGoal
252,1,targets
252,2,requires
252,3,hasType
252,4,hasIntensity
252,5,hasForce
252,6,hasMechanic
252,7,supportsGoal
252,8,supportsGoal
253,49,targets
253,21,recruits
253,45,recruits
253,17,requires
253,3,hasType
253,4,hasIntensity
253,13,hasForce
253,6,hasMechanic
253,7,supportsGoal
253,8,supportsGoal
254,51,targets
254,36,recruits
254,29,recruits
254,10,recruits
254,55,recruits
254,33,recruits
254,52,recruits
254,63,requires
254,68,hasType
254,18,hasIntensity
254,5,hasForce
254,6,hasMechanic
254,7,supportsGoal
255,33,targets
255,41,recruits
255,24,recruits
255,11,recruits
255,29,recruits
255,10,recruits
255,22,requires
255,42,hasType
255,4,hasIntensity
255,13,hasForce
255,6,hasMechanic
255,43,supportsGoal
256,45,targets
256,49,recruits
256,21,recruits
256,17,requires
256,3,hasType
256,4,hasIntensity
256,13,hasForce
256,6,hasMechanic
256,7,supportsGoal
256,8,supportsGoal
257,49,targets
257,21,recruits
257,45,recruits
257,22,requires
257,3,hasType
257,18,hasIntensity
257,13,hasForce
257,6,hasMechanic
257,7,supportsGoal
257,8,supportsGoal
258,45,targets
258,49,recruits
258,21,recruits
258,2,requires
258,3,hasType
258,4,hasIntensity
258,13,hasForce
258,6,hasMechanic
258,7,supportsGoal
258,8,supportsGoal
259,11,targets
259,22,requires
259,3,hasType
259,18,hasIntensity
259,13,hasForce
259,19,hasMechanic
259,7,supportsGoal
259,8,supportsGoal
260,10,targets
260,35,recruits
260,11,recruits
260,36,recruits
260,29,recruits
260,51,recruits
260,33,recruits
260,52,recruits
260,30,requires
260,3,hasType
260,18,hasIntensity
260,5,hasForce
260,6,hasMechanic
260,7,supportsGoal
260,8,supportsGoal
261,21,targets
261,11,recruits
261,33,recruits
261,45,recruits
261,30,requires
261,3,hasType
261,18,hasIntensity
261,13,hasForce
261,6,hasMechanic
261,7,supportsGoal
261,8,supportsGoal
262,21,targets
262,11,recruits
262,33,recruits
262,45,recruits
262,30,requires
262,3,hasType
262,18,hasIntensity
262,13,hasForce
262,6,hasMechanic
262,7,supportsGoal
262,8,supportsGoal
263,21,targets
263,29,recruits
263,10,recruits
263,33,recruits
263,30,requires
263,3,hasType
263,58,hasIntensity
263,5,hasForce
263,6,hasMechanic
263,7,supportsGoal
263,8,supportsGoal
264,1,targets
264,29,recruits
264,10,recruits
264,21,recruits
264,45,recruits
264,30,requires
264,3,hasType
264,18,hasIntensity
264,5,hasForce
264,7,supportsGoal
264,8,supportsGoal
265,33,targets
265,41,recruits
265,24,recruits
265,11,recruits
265,29,recruits
265,10,recruits
265,2,requires
265,42,hasType
265,4,hasIntensity
265,13,hasForce
265,6,hasMechanic
265,43,supportsGoal
266,29,targets
266,1,recruits
266,10,recruits
266,78,requires
266,3,hasType
266,18,hasIntensity
266,26,hasForce
266,19,hasMechanic
266,7,supportsGoal
266,8,supportsGoal
267,35,targets
267,36,recruits
267,63,requires
267,3,hasType
267,18,hasIntensity
267,5,hasForce
267,6,hasMechanic
267,7,supportsGoal
267,8,supportsGoal
268,49,targets
268,21,recruits
268,45,recruits
268,22,requires
268,42,hasType
268,18,hasIntensity
268,13,hasForce
268,6,hasMechanic
268,43,supportsGoal
269,35,targets
269,36,recruits
269,37,requires
269,3,hasType
269,4,hasIntensity
269,5,hasForce
269,19,hasMechanic
269,7,supportsGoal
269,8,supportsGoal
270,49,targets
270,21,recruits
270,45,recruits
270,37,requires
270,3,hasType
270,4,hasIntensity
270,13,hasForce
270,6,hasMechanic
270,7,supportsGoal
270,8,supportsGoal
271,49,targets
271,21,recruits
271,45,recruits
271,37,requires
271,3,hasType
271,4,hasIntensity
271,13,hasForce
271,6,hasMechanic
271,7,supportsGoal
271,8,supportsGoal
272,35,targets
272,36,recruits
272,37,requires
272,3,hasType
272,4,hasIntensity
272,5,hasForce
272,19,hasMechanic
272,7,supportsGoal
272,8,supportsGoal
273,10,targets
273,11,recruits
273,36,recruits
273,29,recruits
273,51,recruits
273,33,recruits
273,21,recruits
273,52,recruits
273,37,requires
273,3,hasType
273,18,hasIntensity
273,5,hasForce
273,6,hasMechanic
273,7,supportsGoal
273,8,supportsGoal
274,45,targets
274,49,recruits
274,21,recruits
274,37,requires
274,68,hasType
274,18,hasIntensity
274,13,hasForce
274,6,hasMechanic
274,7,supportsGoal
275,49,targets
275,37,requires
275,3,hasType
275,4,hasIntensity
275,13,hasForce
275,19,hasMechanic
275,7,supportsGoal
275,8,supportsGoal
276,55,targets
276,35,recruits
276,36,recruits
276,56,recruits
276,21,recruits
276,37,requires
276,3,hasType
276,4,hasIntensity
276,5,hasForce
276,6,hasMechanic
276,7,supportsGoal
276,8,supportsGoal
277,21,targets
277,45,recruits
277,37,requires
277,3,hasType
277,4,hasIntensity
277,13,hasForce
277,19,hasMechanic
277,7,supportsGoal
277,8,supportsGoal
278,33,targets
278,11,recruits
278,29,recruits
278,10,recruits
278,37,requires
278,3,hasType
278,4,hasIntensity
278,13,hasForce
278,6,hasMechanic
278,7,supportsGoal
278,8,supportsGoal
279,21,targets
279,55,recruits
279,37,requires
279,3,hasType
279,18,hasIntensity
279,5,hasForce
279,19,hasMechanic
279,7,supportsGoal
279,8,supportsGoal
280,36,targets
280,37,requires
280,3,hasType
280,18,hasIntensity
280,5,hasForce
280,19,hasMechanic
280,7,supportsGoal
280,8,supportsGoal
281,21,targets
281,37,requires
281,3,hasType
281,18,hasIntensity
281,5,hasForce
281,19,hasMechanic
281,7,supportsGoal
281,8,supportsGoal
282,36,targets
282,37,requires
282,3,hasType
282,18,hasIntensity
282,5,hasForce
282,19,hasMechanic
282,7,supportsGoal
282,8,supportsGoal
283,21,targets
283,45,recruits
283,37,requires
283,3,hasType
283,18,hasIntensity
283,13,hasForce
283,6,hasMechanic
283,7,supportsGoal
283,8,supportsGoal
284,45,targets
284,37,requires
284,3,hasType
284,18,hasIntensity
284,13,hasForce
284,19,hasMechanic
284,7,supportsGoal
284,8,supportsGoal
285,21,targets
285,35,recruits
285,52,recruits
285,37,requires
285,3,hasType
285,18,hasIntensity
285,5,hasForce
285,6,hasMechanic
285,7,supportsGoal
285,8,supportsGoal
286,35,targets
286,37,requires
286,3,hasType
286,18,hasIntensity
286,5,hasForce
286,19,hasMechanic
286,7,supportsGoal
286,8,supportsGoal
287,21,targets
287,35,recruits
287,37,requires
287,3,hasType
287,4,hasIntensity
287,5,hasForce
287,6,hasMechanic
287,7,supportsGoal
287,8,supportsGoal
288,33,targets
288,11,recruits
288,29,recruits
288,10,recruits
288,37,requires
288,3,hasType
288,18,hasIntensity
288,13,hasForce
288,6,hasMechanic
288,7,supportsGoal
288,8,supportsGoal
289,21,targets
289,52,recruits
289,37,requires
289,3,hasType
289,4,hasIntensity
289,13,hasForce
289,19,hasMechanic
289,7,supportsGoal
289,8,supportsGoal
290,33,targets
290,11,recruits
290,29,recruits
290,10,recruits
290,37,requires
290,42,hasType
290,18,hasIntensity
290,13,hasForce
290,6,hasMechanic
290,43,supportsGoal
291,11,targets
291,37,requires
291,3,hasType
291,4,hasIntensity
291,13,hasForce
291,19,hasMechanic
291,7,supportsGoal
291,8,supportsGoal
292,21,targets
292,45,recruits
292,37,requires
292,3,hasType
292,18,hasIntensity
292,13,hasForce
292,6,hasMechanic
292,7,supportsGoal
292,8,supportsGoal
293,52,targets
293,37,requires
293,3,hasType
293,4,hasIntensity
293,5,hasForce
293,19,hasMechanic
293,7,supportsGoal
293,8,supportsGoal
294,1,targets
294,37,requires
294,3,hasType
294,4,hasIntensity
294,5,hasForce
294,19,hasMechanic
294,7,supportsGoal
294,8,supportsGoal
295,33,targets
295,11,recruits
295,29,recruits
295,10,recruits
295,51,recruits
295,37,requires
295,3,hasType
295,4,hasIntensity
295,13,hasForce
295,6,hasMechanic
295,7,supportsGoal
295,8,supportsGoal
296,33,targets
296,11,recruits
296,29,recruits
296,10,recruits
296,51,recruits
296,37,requires
296,3,hasType
296,18,hasIntensity
296,13,hasForce
296,6,hasMechanic
296,7,supportsGoal
296,8,supportsGoal
297,33,targets
297,11,recruits
297,29,recruits
297,10,recruits
297,37,requires
297,3,hasType
297,18,hasIntensity
297,13,hasForce
297,6,hasMechanic
297,7,supportsGoal
297,8,supportsGoal
298,45,targets
298,37,requires
298,3,hasType
298,4,hasIntensity
298,13,hasForce
298,19,hasMechanic
298,7,supportsGoal
298,8,supportsGoal
299,56,targets
299,2,requires
299,12,hasType
299,4,hasIntensity
299,5,hasForce
299,14,supportsGoal
299,15,supportsGoal
300,49,targets
300,55,recruits
300,2,requires
300,12,hasType
300,4,hasIntensity
300,5,hasForce
300,14,supportsGoal
300,15,supportsGoal
301,35,targets
301,140,requires
301,3,hasType
301,4,hasIntensity
301,5,hasForce
301,19,hasMechanic
301,7,supportsGoal
301,8,supportsGoal
302,45,targets
302,36,recruits
302,140,requires
302,3,hasType
302,4,hasIntensity
302,13,hasForce
302,19,hasMechanic
302,7,supportsGoal
302,8,supportsGoal
303,21,targets
303,52,recruits
303,2,requires
303,12,hasType
303,4,hasIntensity
303,5,hasForce
303,19,hasMechanic
303,14,supportsGoal
303,15,supportsGoal
304,1,targets
304,2,requires
304,3,hasType
304,4,hasIntensity
304,5,hasForce
304,6,hasMechanic
304,7,supportsGoal
304,8,supportsGoal
305,49,targets
305,21,recruits
305,2,requires
305,12,hasType
305,4,hasIntensity
305,26,hasForce
305,19,hasMechanic
305,14,supportsGoal
305,15,supportsGoal
306,33,targets
306,29,recruits
306,10,recruits
306,63,requires
306,3,hasType
306,18,hasIntensity
306,13,hasForce
306,6,hasMechanic
306,7,supportsGoal
306,8,supportsGoal
307,56,targets
307,55,recruits
307,52,recruits
307,46,requires
307,3,hasType
307,18,hasIntensity
307,5,hasForce
307,6,hasMechanic
307,7,supportsGoal
307,8,supportsGoal
308,33,targets
308,11,recruits
308,29,recruits
308,10,recruits
308,17,requires
308,132,hasType
308,18,hasIntensity
308,133,supportsGoal
308,134,supportsGoal
309,1,targets
309,78,requires
309,3,hasType
309,4,hasIntensity
309,5,hasForce
309,19,hasMechanic
309,7,supportsGoal
309,8,supportsGoal
310,1,targets
310,78,requires
310,3,hasType
310,4,hasIntensity
310,5,hasForce
310,6,hasMechanic
310,7,supportsGoal
310,8,supportsGoal
311,49,targets
311,21,recruits
311,45,recruits
311,30,requires
311,3,hasType
311,4,hasIntensity
311,13,hasForce
311,6,hasMechanic
311,7,supportsGoal
311,8,supportsGoal
312,21,targets
312,37,requires
312,3,hasType
312,4,hasIntensity
312,5,hasForce
312,19,hasMechanic
312,7,supportsGoal
312,8,supportsGoal
313,21,targets
313,72,requires
313,3,hasType
313,4,hasIntensity
313,5,hasForce
313,6,hasMechanic
313,7,supportsGoal
313,8,supportsGoal
314,21,targets
314,46,requires
314,3,hasType
314,4,hasIntensity
314,5,hasForce
314,19,hasMechanic
314,7,supportsGoal
314,8,supportsGoal
315,21,targets
315,55,recruits
315,46,requires
315,3,hasType
315,18,hasIntensity
315,5,hasForce
315,6,hasMechanic
315,7,supportsGoal
315,8,supportsGoal
316,36,targets
316,1,recruits
316,29,recruits
316,10,recruits
316,51,recruits
316,33,recruits
316,52,recruits
316,22,requires
316,68,hasType
316,18,hasIntensity
316,6,hasMechanic
316,43,supportsGoal
316,7,supportsGoal
317,33,targets
317,41,recruits
317,24,recruits
317,11,recruits
317,29,recruits
317,10,recruits
317,2,requires
317,42,hasType
317,4,hasIntensity
317,13,hasForce
317,6,hasMechanic
317,43,supportsGoal
318,36,targets
318,63,requires
318,3,hasType
318,4,hasIntensity
318,5,hasForce
318,19,hasMechanic
318,7,supportsGoal
318,8,supportsGoal
319,49,targets
319,46,requires
319,3,hasType
319,18,hasIntensity
319,13,hasForce
319,19,hasMechanic
319,7,supportsGoal
319,8,supportsGoal
320,1,targets
320,2,requires
320,3,hasType
320,4,hasIntensity
320,5,hasForce
320,6,hasMechanic
320,7,supportsGoal
320,8,supportsGoal
321,1,targets
321,2,requires
321,3,hasType
321,4,hasIntensity
321,5,hasForce
321,19,hasMechanic
321,7,supportsGoal
321,8,supportsGoal
322,35,targets
322,37,requires
322,3,hasType
322,4,hasIntensity
322,5,hasForce
322,19,hasMechanic
322,7,supportsGoal
322,8,supportsGoal
323,10,targets
323,11,recruits
323,29,recruits
323,2,requires
323,3,hasType
323,18,hasIntensity
323,5,hasForce
323,19,hasMechanic
323,7,supportsGoal
323,8,supportsGoal
324,45,targets
324,49,recruits
324,21,recruits
324,63,requires
324,68,hasType
324,18,hasIntensity
324,13,hasForce
324,6,hasMechanic
324,7,supportsGoal
325,45,targets
325,49,recruits
325,21,recruits
325,63,requires
325,68,hasType
325,18,hasIntensity
325,13,hasForce
325,6,hasMechanic
325,7,supportsGoal
326,29,targets
326,10,recruits
326,2,requires
326,3,hasType
326,4,hasIntensity
326,5,hasForce
326,6,hasMechanic
326,7,supportsGoal
326,8,supportsGoal
327,11,targets
327,22,requires
327,12,hasType
327,18,hasIntensity
327,26,hasForce
327,14,supportsGoal
327,15,supportsGoal
328,49,targets
328,11,recruits
328,29,recruits
328,10,recruits
328,33,recruits
328,21,recruits
328,45,recruits
328,22,requires
328,68,hasType
328,18,hasIntensity
328,13,hasForce
328,6,hasMechanic
328,43,supportsGoal
328,7,supportsGoal
329,33,targets
329,1,recruits
329,11,recruits
329,29,recruits
329,10,recruits
329,63,requires
329,68,hasType
329,18,hasIntensity
329,13,hasForce
329,6,hasMechanic
329,43,supportsGoal
329,7,supportsGoal
330,33,targets
330,11,recruits
330,29,recruits
330,10,recruits
330,2,requires
330,3,hasType
330,18,hasIntensity
330,13,hasForce
330,6,hasMechanic
330,7,supportsGoal
330,8,supportsGoal
331,33,targets
331,11,recruits
331,29,recruits
331,10,recruits
331,2,requires
331,12,hasType
331,18,hasIntensity
331,13,hasForce
331,6,hasMechanic
331,14,supportsGoal
331,15,supportsGoal
332,1,targets
332,2,requires
332,3,hasType
332,18,hasIntensity
332,5,hasForce
332,19,hasMechanic
332,7,supportsGoal
332,8,supportsGoal
333,33,targets
333,11,recruits
333,29,recruits
333,10,recruits
333,63,requires
333,3,hasType
333,58,hasIntensity
333,13,hasForce
333,6,hasMechanic
333,7,supportsGoal
333,8,supportsGoal
334,33,targets
334,11,recruits
334,29,recruits
334,10,recruits
334,63,requires
334,3,hasType
334,58,hasIntensity
334,13,hasForce
334,6,hasMechanic
334,7,supportsGoal
334,8,supportsGoal
335,10,targets
335,41,recruits
335,24,recruits
335,11,recruits
335,29,recruits
335,33,recruits
335,22,requires
335,42,hasType
335,4,hasIntensity
335,13,hasForce
335,6,hasMechanic
335,43,supportsGoal
336,21,targets
336,46,requires
336,3,hasType
336,4,hasIntensity
336,13,hasForce
336,19,hasMechanic
336,7,supportsGoal
336,8,supportsGoal
337,33,targets
337,41,recruits
337,24,recruits
337,11,recruits
337,29,recruits
337,10,recruits
337,22,requires
337,42,hasType
337,4,hasIntensity
337,13,hasForce
337,6,hasMechanic
337,43,supportsGoal
338,21,targets
338,37,requires
338,3,hasType
338,4,hasIntensity
338,13,hasForce
338,19,hasMechanic
338,7,supportsGoal
338,8,supportsGoal
339,21,targets
339,37,requires
339,3,hasType
339,4,hasIntensity
339,13,hasForce
339,19,hasMechanic
339,7,supportsGoal
339,8,supportsGoal
340,10,targets
340,2,requires
340,12,hasType
340,4,hasIntensity
340,5,hasForce
340,14,supportsGoal
340,15,supportsGoal
341,21,targets
341,22,requires
341,3,hasType
341,18,hasIntensity
341,13,hasForce
341,19,hasMechanic
341,7,supportsGoal
341,8,supportsGoal
342,49,targets
342,56,recruits
342,21,recruits
342,45,recruits
342,63,requires
342,3,hasType
342,4,hasIntensity
342,5,hasForce
342,6,hasMechanic
342,7,supportsGoal
342,8,supportsGoal
343,33,targets
343,1,recruits
343,29,recruits
343,10,recruits
343,63,requires
343,3,hasType
343,18,hasIntensity
343,13,hasForce
343,6,hasMechanic
343,7,supportsGoal
343,8,supportsGoal
344,33,targets
344,11,recruits
344,29,recruits
344,30,requires
344,3,hasType
344,18,hasIntensity
344,13,hasForce
344,6,hasMechanic
344,7,supportsGoal
344,8,supportsGoal
345,21,targets
345,37,requires
345,3,hasType
345,4,hasIntensity
345,13,hasForce
345,19,hasMechanic
345,7,supportsGoal
345,8,supportsGoal
346,56,targets
346,35,recruits
346,55,recruits
346,21,recruits
346,46,requires
346,3,hasType
346,18,hasIntensity
346,5,hasForce
346,6,hasMechanic
346,7,supportsGoal
346,8,supportsGoal
347,56,targets
347,35,recruits
347,55,recruits
347,22,requires
347,3,hasType
347,18,hasIntensity
347,5,hasForce
347,6,hasMechanic
347,7,supportsGoal
347,8,supportsGoal
348,10,targets
348,11,recruits
348,29,recruits
348,17,requires
348,68,hasType
348,18,hasIntensity
348,5,hasForce
348,6,hasMechanic
348,7,supportsGoal
349,29,targets
349,10,recruits
349,2,requires
349,3,hasType
349,4,hasIntensity
349,13,hasForce
349,6,hasMechanic
349,7,supportsGoal
349,8,supportsGoal
350,33,targets
350,11,recruits
350,29,recruits
350,10,recruits
350,21,recruits
350,30,requires
350,3,hasType
350,4,hasIntensity
350,13,hasForce
350,6,hasMechanic
350,7,supportsGoal
350,8,supportsGoal
351,10,targets
351,1,recruits
351,29,recruits
351,51,recruits
351,63,requires
351,68,hasType
351,18,hasIntensity
351,13,hasForce
351,6,hasMechanic
351,7,supportsGoal
352,10,targets
352,1,recruits
352,29,recruits
352,51,recruits
352,63,requires
352,68,hasType
352,18,hasIntensity
352,13,hasForce
352,6,hasMechanic
352,7,supportsGoal
353,1,targets
353,35,recruits
353,56,recruits
353,2,requires
353,3,hasType
353,18,hasIntensity
353,5,hasForce
353,6,hasMechanic
353,7,supportsGoal
353,8,supportsGoal
354,24,targets
354,2,requires
354,12,hasType
354,18,hasIntensity
354,26,hasForce
354,6,hasMechanic
354,14,supportsGoal
354,15,supportsGoal
355,24,targets
355,2,requires
355,12,hasType
355,18,hasIntensity
355,5,hasForce
355,6,hasMechanic
355,14,supportsGoal
355,15,supportsGoal
356,33,targets
356,11,recruits
356,29,recruits
356,10,recruits
356,17,requires
356,3,hasType
356,4,hasIntensity
356,13,hasForce
356,6,hasMechanic
356,7,supportsGoal
356,8,supportsGoal
357,35,targets
357,37,requires
357,3,hasType
357,4,hasIntensity
357,5,hasForce
357,19,hasMechanic
357,7,supportsGoal
357,8,supportsGoal
358,49,targets
358,21,recruits
358,45,recruits
358,37,requires
358,3,hasType
358,4,hasIntensity
358,13,hasForce
358,6,hasMechanic
358,7,supportsGoal
358,8,supportsGoal
359,10,targets
359,25,requires
359,12,hasType
359,4,hasIntensity
359,26,hasForce
359,19,hasMechanic
359,14,supportsGoal
359,15,supportsGoal
360,10,targets
360,2,requires
360,12,hasType
360,4,hasIntensity
360,26,hasForce
360,19,hasMechanic
360,14,supportsGoal
360,15,supportsGoal
361,21,targets
361,45,recruits
361,2,requires
361,3,hasType
361,58,hasIntensity
361,13,hasForce
361,6,hasMechanic
361,7,supportsGoal
361,8,supportsGoal
362,33,targets
362,11,recruits
362,36,recruits
362,29,recruits
362,10,recruits
362,51,recruits
362,21,recruits
362,52,recruits
362,63,requires
362,68,hasType
362,18,hasIntensity
362,5,hasForce
362,6,hasMechanic
362,43,supportsGoal
362,7,supportsGoal
363,33,targets
363,11,recruits
363,36,recruits
363,29,recruits
363,10,recruits
363,51,recruits
363,21,recruits
363,52,recruits
363,63,requires
363,68,hasType
363,18,hasIntensity
363,5,hasForce
363,6,hasMechanic
363,43,supportsGoal
363,7,supportsGoal
364,10,targets
364,1,recruits
364,11,recruits
364,36,recruits
364,29,recruits
364,51,recruits
364,33,recruits
364,21,recruits
364,52,recruits
364,63,requires
364,68,hasType
364,58,hasIntensity
364,5,hasForce
364,6,hasMechanic
364,43,supportsGoal
364,7,supportsGoal
365,10,targets
365,1,recruits
365,11,recruits
365,36,recruits
365,29,recruits
365,51,recruits
365,33,recruits
365,21,recruits
365,52,recruits
365,63,requires
365,68,hasType
365,58,hasIntensity
365,5,hasForce
365,6,hasMechanic
365,43,supportsGoal
365,7,supportsGoal
366,10,targets
366,1,recruits
366,29,recruits
366,51,recruits
366,63,requires
366,68,hasType
366,18,hasIntensity
366,13,hasForce
366,6,hasMechanic
366,7,supportsGoal
367,1,targets
367,2,requires
367,3,hasType
367,58,hasIntensity
367,5,hasForce
367,19,hasMechanic
367,7,supportsGoal
367,8,supportsGoal
368,1,targets
368,2,requires
368,3,hasType
368,58,hasIntensity
368,5,hasForce
368,6,hasMechanic
368,7,supportsGoal
368,8,supportsGoal
369,33,targets
369,1,recruits
369,36,recruits
369,29,recruits
369,10,recruits
369,21,recruits
369,45,recruits
369,63,requires
369,68,hasType
369,18,hasIntensity
369,13,hasForce
369,6,hasMechanic
369,43,supportsGoal
369,7,supportsGoal
370,49,targets
370,1,recruits
370,21,recruits
370,45,recruits
370,22,requires
370,42,hasType
370,4,hasIntensity
370,13,hasForce
370,6,hasMechanic
370,43,supportsGoal
371,35,targets
371,46,requires
371,3,hasType
371,18,hasIntensity
371,5,hasForce
371,6,hasMechanic
371,7,supportsGoal
371,8,supportsGoal
372,41,targets
372,24,recruits
372,2,requires
372,12,hasType
372,4,hasIntensity
372,5,hasForce
372,19,hasMechanic
372,14,supportsGoal
372,15,supportsGoal
373,29,targets
373,10,recruits
373,72,requires
373,3,hasType
373,4,hasIntensity
373,13,hasForce
373,6,hasMechanic
373,7,supportsGoal
373,8,supportsGoal
374,33,targets
374,72,requires
374,3,hasType
374,4,hasIntensity
374,5,hasForce
374,6,hasMechanic
374,7,supportsGoal
374,8,supportsGoal
375,29,targets
375,11,recruits
375,10,recruits
375,72,requires
375,68,hasType
375,4,hasIntensity
375,13,hasForce
375,6,hasMechanic
375,7,supportsGoal
376,51,targets
376,11,recruits
376,29,recruits
376,78,requires
376,12,hasType
376,4,hasIntensity
376,26,hasForce
376,19,hasMechanic
376,14,supportsGoal
376,15,supportsGoal
377,51,targets
377,29,recruits
377,2,requires
377,12,hasType
377,4,hasIntensity
377,26,hasForce
377,14,supportsGoal
377,15,supportsGoal
378,10,targets
378,41,recruits
378,24,recruits
378,11,recruits
378,29,recruits
378,22,requires
378,42,hasType
378,4,hasIntensity
378,13,hasForce
378,6,hasMechanic
378,43,supportsGoal
379,51,targets
379,29,recruits
379,10,recruits
379,22,requires
379,3,hasType
379,4,hasIntensity
379,5,hasForce
379,19,hasMechanic
379,7,supportsGoal
379,8,supportsGoal
380,51,targets
380,29,recruits
380,10,recruits
380,2,requires
380,3,hasType
380,18,hasIntensity
380,5,hasForce
380,6,hasMechanic
380,7,supportsGoal
380,8,supportsGoal
381,41,targets
381,22,requires
381,12,hasType
381,18,hasIntensity
381,26,hasForce
381,14,supportsGoal
381,15,supportsGoal
382,41,targets
382,25,requires
382,12,hasType
382,18,hasIntensity
382,26,hasForce
382,19,hasMechanic
382,14,supportsGoal
382,15,supportsGoal
383,10,targets
383,2,requires
383,12,hasType
383,4,hasIntensity
383,6,hasMechanic
383,14,supportsGoal
383,15,supportsGoal
384,45,targets
384,36,recruits
384,63,requires
384,3,hasType
384,18,hasIntensity
384,13,hasForce
384,19,hasMechanic
384,7,supportsGoal
384,8,supportsGoal
385,55,targets
385,56,recruits
385,21,recruits
385,63,requires
385,3,hasType
385,4,hasIntensity
385,5,hasForce
385,19,hasMechanic
385,7,supportsGoal
385,8,supportsGoal
386,49,targets
386,21,recruits
386,45,recruits
386,46,requires
386,3,hasType
386,4,hasIntensity
386,13,hasForce
386,6,hasMechanic
386,7,supportsGoal
386,8,supportsGoal
387,49,targets
387,21,recruits
387,46,requires
387,3,hasType
387,18,hasIntensity
387,13,hasForce
387,19,hasMechanic
387,7,supportsGoal
387,8,supportsGoal
388,49,targets
388,21,recruits
388,45,recruits
388,37,requires
388,3,hasType
388,4,hasIntensity
388,13,hasForce
388,6,hasMechanic
388,7,supportsGoal
388,8,supportsGoal
389,35,targets
389,37,requires
389,3,hasType
389,4,hasIntensity
389,5,hasForce
389,19,hasMechanic
389,7,supportsGoal
389,8,supportsGoal
390,49,targets
390,21,recruits
390,37,requires
390,3,hasType
390,4,hasIntensity
390,13,hasForce
390,6,hasMechanic
390,7,supportsGoal
390,8,supportsGoal
391,49,targets
391,21,recruits
391,37,requires
391,3,hasType
391,4,hasIntensity
391,13,hasForce
391,6,hasMechanic
391,7,supportsGoal
391,8,supportsGoal
392,49,targets
392,21,recruits
392,45,recruits
392,37,requires
392,3,hasType
392,4,hasIntensity
392,13,hasForce
392,6,hasMechanic
392,7,supportsGoal
392,8,supportsGoal
393,35,targets
393,37,requires
393,3,hasType
393,4,hasIntensity
393,5,hasForce
393,19,hasMechanic
393,7,supportsGoal
393,8,supportsGoal
394,35,targets
394,37,requires
394,3,hasType
394,4,hasIntensity
394,19,hasMechanic
394,7,supportsGoal
394,8,supportsGoal
395,49,targets
395,21,recruits
395,45,recruits
395,2,requires
395,3,hasType
395,4,hasIntensity
395,13,hasForce
395,6,hasMechanic
395,7,supportsGoal
395,8,supportsGoal
396,45,targets
396,49,recruits
396,21,recruits
396,2,requires
396,3,hasType
396,4,hasIntensity
396,13,hasForce
396,6,hasMechanic
396,7,supportsGoal
396,8,supportsGoal
397,49,targets
397,21,recruits
397,45,recruits
397,22,requires
397,42,hasType
397,4,hasIntensity
397,13,hasForce
397,6,hasMechanic
397,43,supportsGoal
398,49,targets
398,1,recruits
398,21,recruits
398,45,recruits
398,2,requires
398,3,hasType
398,4,hasIntensity
398,13,hasForce
398,6,hasMechanic
398,7,supportsGoal
398,8,supportsGoal
399,49,targets
399,1,recruits
399,21,recruits
399,45,recruits
399,2,requires
399,3,hasType
399,4,hasIntensity
399,13,hasForce
399,6,hasMechanic
399,7,supportsGoal
399,8,supportsGoal
400,49,targets
400,1,recruits
400,21,recruits
400,45,recruits
400,2,requires
400,3,hasType
400,4,hasIntensity
400,13,hasForce
400,6,hasMechanic
400,7,supportsGoal
400,8,supportsGoal
401,10,targets
401,22,requires
401,12,hasType
401,18,hasIntensity
401,26,hasForce
401,19,hasMechanic
401,14,supportsGoal
401,15,supportsGoal
402,33,targets
402,22,requires
402,12,hasType
402,18,hasIntensity
402,26,hasForce
402,6,hasMechanic
402,14,supportsGoal
402,15,supportsGoal
403,21,targets
403,72,requires
403,3,hasType
403,4,hasIntensity
403,19,hasMechanic
403,7,supportsGoal
403,8,supportsGoal
404,55,targets
404,56,recruits
404,2,requires
404,3,hasType
404,4,hasIntensity
404,5,hasForce
404,6,hasMechanic
404,7,supportsGoal
404,8,supportsGoal
405,55,targets
405,35,recruits
405,56,recruits
405,22,requires
405,3,hasType
405,4,hasIntensity
405,5,hasForce
405,6,hasMechanic
405,7,supportsGoal
405,8,supportsGoal
406,21,targets
406,49,recruits
406,29,recruits
406,10,recruits
406,51,recruits
406,33,recruits
406,52,recruits
406,37,requires
406,3,hasType
406,18,hasIntensity
406,13,hasForce
406,6,hasMechanic
406,7,supportsGoal
406,8,supportsGoal
407,33,targets
407,2,requires
407,12,hasType
407,18,hasIntensity
407,5,hasForce
407,6,hasMechanic
407,14,supportsGoal
407,15,supportsGoal
408,49,targets
408,21,recruits
408,45,recruits
408,2,requires
408,42,hasType
408,4,hasIntensity
408,26,hasForce
408,6,hasMechanic
408,43,supportsGoal
409,209,targets
409,2,requires
409,3,hasType
409,4,hasIntensity
409,26,hasForce
409,19,hasMechanic
409,7,supportsGoal
409,8,supportsGoal
410,209,targets
410,2,requires
410,3,hasType
410,4,hasIntensity
410,26,hasForce
410,19,hasMechanic
410,7,supportsGoal
410,8,supportsGoal
411,49,targets
411,1,recruits
411,21,recruits
411,45,recruits
411,2,requires
411,3,hasType
411,4,hasIntensity
411,13,hasForce
411,6,hasMechanic
411,7,supportsGoal
411,8,supportsGoal
412,45,targets
412,49,recruits
412,21,recruits
412,63,requires
412,3,hasType
412,4,hasIntensity
412,13,hasForce
412,6,hasMechanic
412,7,supportsGoal
412,8,supportsGoal
413,1,targets
413,2,requires
413,3,hasType
413,4,hasIntensity
413,5,hasForce
413,6,hasMechanic
413,7,supportsGoal
413,8,supportsGoal
414,1,targets
414,2,requires
414,3,hasType
414,4,hasIntensity
414,5,hasForce
414,19,hasMechanic
414,7,supportsGoal
414,8,supportsGoal
415,33,targets
415,11,recruits
415,29,recruits
415,10,recruits
415,51,recruits
415,52,recruits
415,63,requires
415,3,hasType
415,18,hasIntensity
415,13,hasForce
415,6,hasMechanic
415,7,supportsGoal
415,8,supportsGoal
416,21,targets
416,29,recruits
416,10,recruits
416,33,recruits
416,45,recruits
416,63,requires
416,68,hasType
416,18,hasIntensity
416,13,hasForce
416,6,hasMechanic
416,43,supportsGoal
416,7,supportsGoal
417,33,targets
417,1,recruits
417,11,recruits
417,63,requires
417,68,hasType
417,18,hasIntensity
417,13,hasForce
417,6,hasMechanic
417,43,supportsGoal
417,7,supportsGoal
418,33,targets
418,29,recruits
418,10,recruits
418,17,requires
418,132,hasType
418,4,hasIntensity
418,133,supportsGoal
418,134,supportsGoal
419,51,targets
419,1,recruits
419,35,recruits
419,11,recruits
419,36,recruits
419,29,recruits
419,10,recruits
419,55,recruits
419,33,recruits
419,21,recruits
419,52,recruits
419,22,requires
419,68,hasType
419,18,hasIntensity
419,5,hasForce
419,6,hasMechanic
419,43,supportsGoal
419,7,supportsGoal
420,21,targets
420,45,recruits
420,30,requires
420,3,hasType
420,18,hasIntensity
420,13,hasForce
420,6,hasMechanic
420,7,supportsGoal
420,8,supportsGoal
421,10,targets
421,11,recruits
421,29,recruits
421,51,recruits
421,33,recruits
421,52,recruits
421,30,requires
421,3,hasType
421,18,hasIntensity
421,5,hasForce
421,6,hasMechanic
421,7,supportsGoal
421,8,supportsGoal
422,1,targets
422,10,recruits
422,21,recruits
422,30,requires
422,3,hasType
422,18,hasIntensity
422,5,hasForce
422,7,supportsGoal
422,8,supportsGoal
423,10,targets
423,11,recruits
423,29,recruits
423,51,recruits
423,21,recruits
423,52,recruits
423,30,requires
423,3,hasType
423,18,hasIntensity
423,5,hasForce
423,6,hasMechanic
423,7,supportsGoal
423,8,supportsGoal
424,10,targets
424,29,recruits
424,51,recruits
424,30,requires
424,3,hasType
424,18,hasIntensity
424,5,hasForce
424,6,hasMechanic
424,7,supportsGoal
424,8,supportsGoal
425,1,targets
425,29,recruits
425,10,recruits
425,21,recruits
425,30,requires
425,3,hasType
425,18,hasIntensity
425,5,hasForce
425,6,hasMechanic
425,7,supportsGoal
425,8,supportsGoal
426,21,targets
426,1,recruits
426,30,requires
426,3,hasType
426,4,hasIntensity
426,13,hasForce
426,6,hasMechanic
426,7,supportsGoal
426,8,supportsGoal
427,33,targets
427,11,recruits
427,29,recruits
427,10,recruits
427,21,recruits
427,30,requires
427,3,hasType
427,58,hasIntensity
427,13,hasForce
427,6,hasMechanic
427,7,supportsGoal
427,8,supportsGoal
428,21,targets
428,45,recruits
428,30,requires
428,3,hasType
428,18,hasIntensity
428,13,hasForce
428,6,hasMechanic
428,7,supportsGoal
428,8,supportsGoal
429,21,targets
429,45,recruits
429,30,requires
429,3,hasType
429,18,hasIntensity
429,13,hasForce
429,6,hasMechanic
429,7,supportsGoal
429,8,supportsGoal
430,52,targets
430,24,recruits
430,29,recruits
430,10,recruits
430,33,recruits
430,21,recruits
430,30,requires
430,3,hasType
430,18,hasIntensity
430,5,hasForce
430,6,hasMechanic
430,7,supportsGoal
430,8,supportsGoal
431,21,targets
431,33,recruits
431,45,recruits
431,30,requires
431,3,hasType
431,18,hasIntensity
431,13,hasForce
431,6,hasMechanic
431,7,supportsGoal
431,8,supportsGoal
432,21,targets
432,1,recruits
432,10,recruits
432,33,recruits
432,45,recruits
432,30,requires
432,3,hasType
432,18,hasIntensity
432,13,hasForce
432,6,hasMechanic
432,7,supportsGoal
432,8,supportsGoal
433,21,targets
433,1,recruits
433,11,recruits
433,10,recruits
433,33,recruits
433,45,recruits
433,30,requires
433,3,hasType
433,18,hasIntensity
433,13,hasForce
433,6,hasMechanic
433,7,supportsGoal
433,8,supportsGoal
434,1,targets
434,29,recruits
434,10,recruits
434,21,recruits
434,45,recruits
434,30,requires
434,3,hasType
434,18,hasIntensity
434,5,hasForce
434,6,hasMechanic
434,7,supportsGoal
434,8,supportsGoal
435,56,targets
435,1,recruits
435,35,recruits
435,36,recruits
435,55,recruits
435,21,recruits
435,52,recruits
435,45,recruits
435,22,requires
435,3,hasType
435,18,hasIntensity
435,5,hasForce
435,6,hasMechanic
435,7,supportsGoal
435,8,supportsGoal
436,29,targets
436,41,recruits
436,51,recruits
436,2,requires
436,12,hasType
436,4,hasIntensity
436,26,hasForce
436,14,supportsGoal
436,15,supportsGoal
437,11,targets
437,10,recruits
437,33,recruits
437,2,requires
437,12,hasType
437,4,hasIntensity
437,5,hasForce
437,6,hasMechanic
437,14,supportsGoal
437,15,supportsGoal
438,1,targets
438,22,requires
438,3,hasType
438,4,hasIntensity
438,5,hasForce
438,19,hasMechanic
438,7,supportsGoal
438,8,supportsGoal
439,10,targets
439,41,recruits
439,24,recruits
439,11,recruits
439,29,recruits
439,33,recruits
439,2,requires
439,42,hasType
439,4,hasIntensity
439,13,hasForce
439,6,hasMechanic
439,43,supportsGoal
440,21,targets
440,1,recruits
440,2,requires
440,42,hasType
440,4,hasIntensity
440,5,hasForce
440,43,supportsGoal
441,1,targets
441,46,requires
441,3,hasType
441,4,hasIntensity
441,5,hasForce
441,19,hasMechanic
441,7,supportsGoal
441,8,supportsGoal
442,45,targets
442,46,requires
442,3,hasType
442,18,hasIntensity
442,13,hasForce
442,19,hasMechanic
442,7,supportsGoal
442,8,supportsGoal
443,36,targets
443,2,requires
443,12,hasType
443,4,hasIntensity
443,26,hasForce
443,19,hasMechanic
443,14,supportsGoal
443,15,supportsGoal
444,56,targets
444,35,recruits
444,55,recruits
444,46,requires
444,3,hasType
444,4,hasIntensity
444,5,hasForce
444,6,hasMechanic
444,7,supportsGoal
444,8,supportsGoal
445,33,targets
445,2,requires
445,12,hasType
445,4,hasIntensity
445,26,hasForce
445,19,hasMechanic
445,14,supportsGoal
445,15,supportsGoal
446,29,targets
446,11,recruits
446,10,recruits
446,33,recruits
446,63,requires
446,68,hasType
446,58,hasIntensity
446,13,hasForce
446,6,hasMechanic
446,43,supportsGoal
446,7,supportsGoal
447,56,targets
447,35,recruits
447,55,recruits
447,46,requires
447,3,hasType
447,4,hasIntensity
447,5,hasForce
447,6,hasMechanic
447,7,supportsGoal
447,8,supportsGoal
448,29,targets
448,1,recruits
448,10,recruits
448,51,recruits
448,63,requires
448,68,hasType
448,18,hasIntensity
448,13,hasForce
448,6,hasMechanic
448,7,supportsGoal
449,1,targets
449,29,recruits
449,51,recruits
449,21,recruits
449,63,requires
449,3,hasType
449,4,hasIntensity
449,5,hasForce
449,6,hasMechanic
449,7,supportsGoal
449,8,supportsGoal
450,21,targets
450,1,recruits
450,11,recruits
450,49,recruits
450,10,recruits
450,33,recruits
450,45,recruits
450,63,requires
450,3,hasType
450,18,hasIntensity
450,13,hasForce
450,6,hasMechanic
450,7,supportsGoal
450,8,supportsGoal
451,24,targets
451,41,recruits
451,11,recruits
451,29,recruits
451,10,recruits
451,33,recruits
451,2,requires
451,42,hasType
451,4,hasIntensity
451,13,hasForce
451,6,hasMechanic
451,43,supportsGoal
452,24,targets
452,41,recruits
452,11,recruits
452,29,recruits
452,10,recruits
452,33,recruits
452,22,requires
452,42,hasType
452,4,hasIntensity
452,13,hasForce
452,6,hasMechanic
452,43,supportsGoal
453,24,targets
453,41,recruits
453,11,recruits
453,29,recruits
453,10,recruits
453,33,recruits
453,22,requires
453,42,hasType
453,4,hasIntensity
453,13,hasForce
453,6,hasMechanic
453,43,supportsGoal
454,21,targets
454,72,requires
454,3,hasType
454,4,hasIntensity
454,13,hasForce
454,19,hasMechanic
454,7,supportsGoal
454,8,supportsGoal
455,56,targets
455,25,requires
455,12,hasType
455,4,hasIntensity
455,26,hasForce
455,19,hasMechanic
455,14,supportsGoal
455,15,supportsGoal
456,49,targets
456,21,recruits
456,45,recruits
456,30,requires
456,3,hasType
456,18,hasIntensity
456,13,hasForce
456,6,hasMechanic
456,7,supportsGoal
456,8,supportsGoal
457,10,targets
457,2,requires
457,12,hasType
457,4,hasIntensity
457,13,hasForce
457,19,hasMechanic
457,14,supportsGoal
457,15,supportsGoal
458,33,targets
458,17,requires
458,3,hasType
458,4,hasIntensity
458,13,hasForce
458,19,hasMechanic
458,7,supportsGoal
458,8,supportsGoal
459,29,targets
459,10,recruits
459,2,requires
459,3,hasType
459,4,hasIntensity
459,13,hasForce
459,19,hasMechanic
459,7,supportsGoal
459,8,supportsGoal
460,33,targets
460,11,recruits
460,29,recruits
460,10,recruits
460,17,requires
460,3,hasType
460,4,hasIntensity
460,13,hasForce
460,6,hasMechanic
460,7,supportsGoal
460,8,supportsGoal
461,1,targets
461,2,requires
461,3,hasType
461,4,hasIntensity
461,5,hasForce
461,6,hasMechanic
461,7,supportsGoal
461,8,supportsGoal
462,49,targets
462,21,recruits
462,45,recruits
462,17,requires
462,3,hasType
462,4,hasIntensity
462,13,hasForce
462,6,hasMechanic
462,7,supportsGoal
462,8,supportsGoal
463,33,targets
463,29,recruits
463,10,recruits
463,17,requires
463,3,hasType
463,4,hasIntensity
463,5,hasForce
463,6,hasMechanic
463,7,supportsGoal
463,8,supportsGoal
464,49,targets
464,21,recruits
464,45,recruits
464,17,requires
464,3,hasType
464,4,hasIntensity
464,13,hasForce
464,6,hasMechanic
464,7,supportsGoal
464,8,supportsGoal
465,55,targets
465,56,recruits
465,17,requires
465,3,hasType
465,4,hasIntensity
465,5,hasForce
465,6,hasMechanic
465,7,supportsGoal
465,8,supportsGoal
466,49,targets
466,21,recruits
466,45,recruits
466,17,requires
466,3,hasType
466,4,hasIntensity
466,13,hasForce
466,6,hasMechanic
466,7,supportsGoal
466,8,supportsGoal
467,56,targets
467,35,recruits
467,55,recruits
467,17,requires
467,3,hasType
467,4,hasIntensity
467,5,hasForce
467,6,hasMechanic
467,7,supportsGoal
467,8,supportsGoal
468,21,targets
468,45,recruits
468,17,requires
468,3,hasType
468,4,hasIntensity
468,13,hasForce
468,6,hasMechanic
468,7,supportsGoal
468,8,supportsGoal
469,52,targets
469,36,recruits
469,17,requires
469,3,hasType
469,4,hasIntensity
469,5,hasForce
469,19,hasMechanic
469,7,supportsGoal
469,8,supportsGoal
470,10,targets
470,11,recruits
470,33,recruits
470,2,requires
470,42,hasType
470,4,hasIntensity
470,13,hasForce
470,6,hasMechanic
470,43,supportsGoal
471,10,targets
471,11,recruits
471,29,recruits
471,33,recruits
471,2,requires
471,42,hasType
471,4,hasIntensity
471,6,hasMechanic
471,43,supportsGoal
472,33,targets
472,11,recruits
472,29,recruits
472,10,recruits
472,22,requires
472,42,hasType
472,18,hasIntensity
472,13,hasForce
472,6,hasMechanic
472,43,supportsGoal
473,21,targets
473,1,recruits
473,49,recruits
473,29,recruits
473,10,recruits
473,51,recruits
473,55,recruits
473,33,recruits
473,52,recruits
473,45,recruits
473,22,requires
473,68,hasType
473,18,hasIntensity
473,13,hasForce
473,6,hasMechanic
473,43,supportsGoal
473,7,supportsGoal
474,56,targets
474,35,recruits
474,36,recruits
474,55,recruits
474,22,requires
474,3,hasType
474,18,hasIntensity
474,5,hasForce
474,6,hasMechanic
474,7,supportsGoal
474,8,supportsGoal
475,33,targets
475,2,requires
475,12,hasType
475,4,hasIntensity
475,26,hasForce
475,19,hasMechanic
475,14,supportsGoal
475,15,supportsGoal
476,49,targets
476,21,recruits
476,46,requires
476,3,hasType
476,4,hasIntensity
476,13,hasForce
476,19,hasMechanic
476,7,supportsGoal
476,8,supportsGoal
477,45,targets
477,46,requires
477,3,hasType
477,4,hasIntensity
477,13,hasForce
477,19,hasMechanic
477,7,supportsGoal
477,8,supportsGoal
478,21,targets
478,35,recruits
478,55,recruits
478,52,recruits
478,46,requires
478,3,hasType
478,4,hasIntensity
478,5,hasForce
478,6,hasMechanic
478,7,supportsGoal
478,8,supportsGoal
479,51,targets
479,25,requires
479,12,hasType
479,4,hasIntensity
479,26,hasForce
479,14,supportsGoal
479,15,supportsGoal
480,1,targets
480,2,requires
480,12,hasType
480,4,hasIntensity
480,26,hasForce
480,14,supportsGoal
480,15,supportsGoal
481,10,targets
481,11,recruits
481,29,recruits
481,33,recruits
481,30,requires
481,3,hasType
481,18,hasIntensity
481,13,hasForce
481,6,hasMechanic
481,7,supportsGoal
481,8,supportsGoal
482,33,targets
482,11,recruits
482,29,recruits
482,10,recruits
482,17,requires
482,3,hasType
482,18,hasIntensity
482,13,hasForce
482,6,hasMechanic
482,7,supportsGoal
482,8,supportsGoal
483,24,targets
483,22,requires
483,12,hasType
483,58,hasIntensity
483,26,hasForce
483,14,supportsGoal
483,15,supportsGoal
484,35,targets
484,46,requires
484,3,hasType
484,18,hasIntensity
484,5,hasForce
484,19,hasMechanic
484,7,supportsGoal
484,8,supportsGoal
485,55,targets
485,35,recruits
485,56,recruits
485,52,recruits
485,63,requires
485,3,hasType
485,4,hasIntensity
485,5,hasForce
485,19,hasMechanic
485,7,supportsGoal
485,8,supportsGoal
486,35,targets
486,46,requires
486,3,hasType
486,4,hasIntensity
486,5,hasForce
486,19,hasMechanic
486,7,supportsGoal
486,8,supportsGoal
487,45,targets
487,63,requires
487,3,hasType
487,18,hasIntensity
487,13,hasForce
487,19,hasMechanic
487,7,supportsGoal
487,8,supportsGoal
488,45,targets
488,140,requires
488,3,hasType
488,18,hasIntensity
488,13,hasForce
488,19,hasMechanic
488,7,supportsGoal
488,8,supportsGoal
489,41,targets
489,2,requires
489,12,hasType
489,58,hasIntensity
489,26,hasForce
489,14,supportsGoal
489,15,supportsGoal
490,45,targets
490,49,recruits
490,21,recruits
490,37,requires
490,3,hasType
490,18,hasIntensity
490,13,hasForce
490,19,hasMechanic
490,7,supportsGoal
490,8,supportsGoal
491,209,targets
491,22,requires
491,3,hasType
491,18,hasIntensity
491,5,hasForce
491,19,hasMechanic
491,7,supportsGoal
491,8,supportsGoal
492,209,targets
492,22,requires
492,3,hasType
492,18,hasIntensity
492,5,hasForce
492,19,hasMechanic
492,7,supportsGoal
492,8,supportsGoal
493,29,targets
493,41,recruits
493,2,requires
493,12,hasType
493,58,hasIntensity
493,26,hasForce
493,14,supportsGoal
493,15,supportsGoal
494,10,targets
494,11,recruits
494,22,requires
494,12,hasType
494,58,hasIntensity
494,26,hasForce
494,14,supportsGoal
494,15,supportsGoal
495,35,targets
495,63,requires
495,3,hasType
495,18,hasIntensity
495,5,hasForce
495,19,hasMechanic
495,7,supportsGoal
495,8,supportsGoal
496,10,targets
496,17,requires
496,3,hasType
496,4,hasIntensity
496,5,hasForce
496,19,hasMechanic
496,7,supportsGoal
496,8,supportsGoal
497,33,targets
497,11,recruits
497,29,recruits
497,10,recruits
497,17,requires
497,3,hasType
497,18,hasIntensity
497,13,hasForce
497,6,hasMechanic
497,7,supportsGoal
497,8,supportsGoal
498,21,targets
498,37,requires
498,3,hasType
498,18,hasIntensity
498,5,hasForce
498,19,hasMechanic
498,7,supportsGoal
498,8,supportsGoal
499,33,targets
499,2,requires
499,12,hasType
499,58,hasIntensity
499,14,supportsGoal
499,15,supportsGoal
500,21,targets
500,37,requires
500,3,hasType
500,18,hasIntensity
500,5,hasForce
500,19,hasMechanic
500,7,supportsGoal
500,8,supportsGoal
501,35,targets
501,37,requires
501,3,hasType
501,4,hasIntensity
501,5,hasForce
501,19,hasMechanic
501,7,supportsGoal
501,8,supportsGoal
502,55,targets
502,35,recruits
502,56,recruits
502,17,requires
502,3,hasType
502,18,hasIntensity
502,5,hasForce
502,6,hasMechanic
502,7,supportsGoal
502,8,supportsGoal
503,45,targets
503,140,requires
503,3,hasType
503,18,hasIntensity
503,13,hasForce
503,19,hasMechanic
503,7,supportsGoal
503,8,supportsGoal
504,49,targets
504,21,recruits
504,45,recruits
504,17,requires
504,3,hasType
504,4,hasIntensity
504,13,hasForce
504,6,hasMechanic
504,7,supportsGoal
504,8,supportsGoal
505,35,targets
505,17,requires
505,3,hasType
505,4,hasIntensity
505,5,hasForce
505,19,hasMechanic
505,7,supportsGoal
505,8,supportsGoal
506,35,targets
506,17,requires
506,3,hasType
506,4,hasIntensity
506,5,hasForce
506,19,hasMechanic
506,7,supportsGoal
506,8,supportsGoal
507,21,targets
507,45,recruits
507,17,requires
507,3,hasType
507,4,hasIntensity
507,13,hasForce
507,6,hasMechanic
507,7,supportsGoal
507,8,supportsGoal
508,45,targets
508,17,requires
508,3,hasType
508,4,hasIntensity
508,13,hasForce
508,19,hasMechanic
508,7,supportsGoal
508,8,supportsGoal
509,49,targets
509,21,recruits
509,45,recruits
509,75,requires
509,42,hasType
509,4,hasIntensity
509,13,hasForce
509,6,hasMechanic
509,43,supportsGoal
510,1,targets
510,21,recruits
510,75,requires
510,42,hasType
510,4,hasIntensity
510,5,hasForce
510,6,hasMechanic
510,43,supportsGoal
511,21,targets
511,1,recruits
511,10,recruits
511,33,recruits
511,75,requires
511,42,hasType
511,4,hasIntensity
511,13,hasForce
511,6,hasMechanic
511,43,supportsGoal
512,55,targets
512,37,requires
512,3,hasType
512,18,hasIntensity
512,5,hasForce
512,19,hasMechanic
512,7,supportsGoal
512,8,supportsGoal
513,55,targets
513,1,recruits
513,56,recruits
513,51,recruits
513,2,requires
513,12,hasType
513,4,hasIntensity
513,26,hasForce
513,19,hasMechanic
513,14,supportsGoal
513,15,supportsGoal
514,55,targets
514,35,recruits
514,56,recruits
514,22,requires
514,3,hasType
514,58,hasIntensity
514,5,hasForce
514,6,hasMechanic
514,7,supportsGoal
514,8,supportsGoal
515,41,targets
515,72,requires
515,3,hasType
515,4,hasIntensity
515,5,hasForce
515,6,hasMechanic
515,7,supportsGoal
515,8,supportsGoal
516,33,targets
516,49,recruits
516,10,recruits
516,21,recruits
516,2,requires
516,42,hasType
516,4,hasIntensity
516,5,hasForce
516,6,hasMechanic
516,43,supportsGoal
517,10,targets
517,11,recruits
517,33,recruits
517,2,requires
517,42,hasType
517,4,hasIntensity
517,6,hasMechanic
517,43,supportsGoal
518,10,targets
518,29,recruits
518,51,recruits
518,33,recruits
518,21,recruits
518,45,recruits
518,63,requires
518,68,hasType
518,18,hasIntensity
518,5,hasForce
518,6,hasMechanic
518,43,supportsGoal
518,7,supportsGoal
519,56,targets
519,1,recruits
519,35,recruits
519,36,recruits
519,55,recruits
519,21,recruits
519,52,recruits
519,45,recruits
519,22,requires
519,3,hasType
519,18,hasIntensity
519,5,hasForce
519,6,hasMechanic
519,7,supportsGoal
519,8,supportsGoal
520,33,targets
520,11,recruits
520,29,recruits
520,10,recruits
520,17,requires
520,3,hasType
520,18,hasIntensity
520,13,hasForce
520,6,hasMechanic
520,7,supportsGoal
520,8,supportsGoal
521,33,targets
521,11,recruits
521,29,recruits
521,10,recruits
521,17,requires
521,3,hasType
521,18,hasIntensity
521,13,hasForce
521,6,hasMechanic
521,7,supportsGoal
521,8,supportsGoal
522,33,targets
522,11,recruits
522,29,recruits
522,10,recruits
522,51,recruits
522,63,requires
522,3,hasType
522,18,hasIntensity
522,13,hasForce
522,6,hasMechanic
522,7,supportsGoal
522,8,supportsGoal
523,10,targets
523,11,recruits
523,29,recruits
523,51,recruits
523,2,requires
523,3,hasType
523,18,hasIntensity
523,5,hasForce
523,6,hasMechanic
523,7,supportsGoal
523,8,supportsGoal
524,209,targets
524,22,requires
524,12,hasType
524,18,hasIntensity
524,26,hasForce
524,14,supportsGoal
524,15,supportsGoal
525,49,targets
525,21,recruits
525,45,recruits
525,63,requires
525,3,hasType
525,18,hasIntensity
525,13,hasForce
525,6,hasMechanic
525,7,supportsGoal
525,8,supportsGoal
526,1,targets
526,2,requires
526,3,hasType
526,4,hasIntensity
526,5,hasForce
526,19,hasMechanic
526,7,supportsGoal
526,8,supportsGoal
527,1,targets
527,2,requires
527,3,hasType
527,4,hasIntensity
527,5,hasForce
527,19,hasMechanic
527,7,supportsGoal
527,8,supportsGoal
528,33,targets
528,11,recruits
528,29,recruits
528,10,recruits
528,63,requires
528,68,hasType
528,18,hasIntensity
528,13,hasForce
528,6,hasMechanic
528,43,supportsGoal
528,7,supportsGoal
529,33,targets
529,22,requires
529,12,hasType
529,4,hasIntensity
529,26,hasForce
529,19,hasMechanic
529,14,supportsGoal
529,15,supportsGoal
530,33,targets
530,2,requires
530,12,hasType
530,4,hasIntensity
530,26,hasForce
530,19,hasMechanic
530,14,supportsGoal
530,15,supportsGoal
531,55,targets
531,35,recruits
531,56,recruits
531,21,recruits
531,37,requires
531,3,hasType
531,4,hasIntensity
531,5,hasForce
531,6,hasMechanic
531,7,supportsGoal
531,8,supportsGoal
532,49,targets
532,37,requires
532,3,hasType
532,4,hasIntensity
532,13,hasForce
532,19,hasMechanic
532,7,supportsGoal
532,8,supportsGoal
533,1,targets
533,46,requires
533,3,hasType
533,4,hasIntensity
533,5,hasForce
533,19,hasMechanic
533,7,supportsGoal
533,8,supportsGoal
534,21,targets
534,37,requires
534,3,hasType
534,4,hasIntensity
534,13,hasForce
534,19,hasMechanic
534,7,supportsGoal
534,8,supportsGoal
535,10,targets
535,29,recruits
535,51,recruits
535,21,recruits
535,52,recruits
535,30,requires
535,3,hasType
535,18,hasIntensity
535,5,hasForce
535,6,hasMechanic
535,7,supportsGoal
535,8,supportsGoal
536,21,targets
536,30,requires
536,3,hasType
536,18,hasIntensity
536,13,hasForce
536,6,hasMechanic
536,7,supportsGoal
536,8,supportsGoal
537,49,targets
537,45,recruits
537,30,requires
537,3,hasType
537,18,hasIntensity
537,13,hasForce
537,6,hasMechanic
537,7,supportsGoal
537,8,supportsGoal
538,21,targets
538,11,recruits
538,33,recruits
538,45,recruits
538,30,requires
538,3,hasType
538,18,hasIntensity
538,13,hasForce
538,6,hasMechanic
538,7,supportsGoal
538,8,supportsGoal
539,21,targets
539,45,recruits
539,30,requires
539,3,hasType
539,18,hasIntensity
539,13,hasForce
539,6,hasMechanic
539,7,supportsGoal
539,8,supportsGoal
540,21,targets
540,45,recruits
540,30,requires
540,3,hasType
540,18,hasIntensity
540,13,hasForce
540,6,hasMechanic
540,7,supportsGoal
540,8,supportsGoal
541,21,targets
541,11,recruits
541,33,recruits
541,45,recruits
541,30,requires
541,3,hasType
541,18,hasIntensity
541,13,hasForce
541,6,hasMechanic
541,7,supportsGoal
541,8,supportsGoal
542,55,targets
542,35,recruits
542,56,recruits
542,30,requires
542,3,hasType
542,18,hasIntensity
542,5,hasForce
542,6,hasMechanic
542,7,supportsGoal
542,8,supportsGoal
543,21,targets
543,11,recruits
543,29,recruits
543,10,recruits
543,51,recruits
543,52,recruits
543,45,recruits
543,30,requires
543,3,hasType
543,58,hasIntensity
543,5,hasForce
543,6,hasMechanic
543,7,supportsGoal
543,8,supportsGoal
544,21,targets
544,29,recruits
544,10,recruits
544,33,recruits
544,45,recruits
544,30,requires
544,3,hasType
544,18,hasIntensity
544,13,hasForce
544,6,hasMechanic
544,7,supportsGoal
544,8,supportsGoal
545,21,targets
545,10,recruits
545,33,recruits
545,30,requires
545,3,hasType
545,58,hasIntensity
545,5,hasForce
545,6,hasMechanic
545,7,supportsGoal
545,8,supportsGoal
546,10,targets
546,11,recruits
546,29,recruits
546,51,recruits
546,21,recruits
546,30,requires
546,3,hasType
546,18,hasIntensity
546,5,hasForce
546,6,hasMechanic
546,7,supportsGoal
546,8,supportsGoal
547,55,targets
547,35,recruits
547,56,recruits
547,63,requires
547,3,hasType
547,4,hasIntensity
547,5,hasForce
547,6,hasMechanic
547,7,supportsGoal
547,8,supportsGoal
548,1,targets
548,56,recruits
548,21,recruits
548,75,requires
548,3,hasType
548,4,hasIntensity
548,5,hasForce
548,6,hasMechanic
548,7,supportsGoal
548,8,supportsGoal
549,10,targets
549,36,recruits
549,29,recruits
549,51,recruits
549,33,recruits
549,21,recruits
549,30,requires
549,3,hasType
549,18,hasIntensity
549,5,hasForce
549,6,hasMechanic
549,7,supportsGoal
549,8,supportsGoal
550,33,targets
550,11,recruits
550,29,recruits
550,10,recruits
550,21,recruits
550,30,requires
550,3,hasType
550,58,hasIntensity
550,13,hasForce
550,6,hasMechanic
550,7,supportsGoal
550,8,supportsGoal
551,33,targets
551,1,recruits
551,11,recruits
551,29,recruits
551,10,recruits
551,51,recruits
551,52,recruits
551,63,requires
551,3,hasType
551,58,hasIntensity
551,5,hasForce
551,6,hasMechanic
551,7,supportsGoal
551,8,supportsGoal
552,21,targets
552,37,requires
552,3,hasType
552,4,hasIntensity
552,13,hasForce
552,19,hasMechanic
552,7,supportsGoal
552,8,supportsGoal
553,29,targets
553,10,recruits
553,46,requires
553,3,hasType
553,18,hasIntensity
553,13,hasForce
553,19,hasMechanic
553,7,supportsGoal
553,8,supportsGoal
554,56,targets
554,2,requires
554,12,hasType
554,4,hasIntensity
554,26,hasForce
554,19,hasMechanic
554,14,supportsGoal
554,15,supportsGoal
555,55,targets
555,35,recruits
555,36,recruits
555,56,recruits
555,22,requires
555,3,hasType
555,58,hasIntensity
555,5,hasForce
555,6,hasMechanic
555,7,supportsGoal
555,8,supportsGoal
556,49,targets
556,21,recruits
556,45,recruits
556,37,requires
556,3,hasType
556,4,hasIntensity
556,13,hasForce
556,6,hasMechanic
556,7,supportsGoal
556,8,supportsGoal
557,35,targets
557,37,requires
557,3,hasType
557,4,hasIntensity
557,5,hasForce
557,19,hasMechanic
557,7,supportsGoal
557,8,supportsGoal
558,45,targets
558,49,recruits
558,21,recruits
558,63,requires
558,3,hasType
558,18,hasIntensity
558,13,hasForce
558,6,hasMechanic
558,7,supportsGoal
558,8,supportsGoal
559,56,targets
559,35,recruits
559,55,recruits
559,46,requires
559,3,hasType
559,4,hasIntensity
559,5,hasForce
559,6,hasMechanic
559,7,supportsGoal
559,8,supportsGoal
560,45,targets
560,37,requires
560,3,hasType
560,4,hasIntensity
560,13,hasForce
560,19,hasMechanic
560,7,supportsGoal
560,8,supportsGoal
561,45,targets
561,37,requires
561,3,hasType
561,4,hasIntensity
561,13,hasForce
561,19,hasMechanic
561,7,supportsGoal
561,8,supportsGoal
562,33,targets
562,1,recruits
562,35,recruits
562,49,recruits
562,2,requires
562,12,hasType
562,4,hasIntensity
562,26,hasForce
562,14,supportsGoal
562,15,supportsGoal
563,56,targets
563,35,recruits
563,22,requires
563,12,hasType
563,4,hasIntensity
563,26,hasForce
563,14,supportsGoal
563,15,supportsGoal
564,29,targets
564,10,recruits
564,51,recruits
564,2,requires
564,12,hasType
564,4,hasIntensity
564,26,hasForce
564,6,hasMechanic
564,14,supportsGoal
564,15,supportsGoal
565,33,targets
565,11,recruits
565,29,recruits
565,10,recruits
565,63,requires
565,3,hasType
565,58,hasIntensity
565,13,hasForce
565,6,hasMechanic
565,7,supportsGoal
565,8,supportsGoal
566,10,targets
566,29,recruits
566,51,recruits
566,33,recruits
566,21,recruits
566,30,requires
566,3,hasType
566,58,hasIntensity
566,5,hasForce
566,6,hasMechanic
566,7,supportsGoal
566,8,supportsGoal
567,1,targets
567,49,recruits
567,21,recruits
567,45,recruits
567,22,requires
567,3,hasType
567,4,hasIntensity
567,5,hasForce
567,6,hasMechanic
567,7,supportsGoal
567,8,supportsGoal
568,35,targets
568,46,requires
568,3,hasType
568,18,hasIntensity
568,5,hasForce
568,19,hasMechanic
568,7,supportsGoal
568,8,supportsGoal
569,56,targets
569,45,recruits
569,22,requires
569,12,hasType
569,58,hasIntensity
569,26,hasForce
569,14,supportsGoal
569,15,supportsGoal
570,56,targets
570,75,requires
570,42,hasType
570,4,hasIntensity
570,5,hasForce
570,6,hasMechanic
570,43,supportsGoal
571,33,targets
571,1,recruits
571,11,recruits
571,29,recruits
571,10,recruits
571,51,recruits
571,21,recruits
571,45,recruits
571,63,requires
571,68,hasType
571,58,hasIntensity
571,13,hasForce
571,6,hasMechanic
571,43,supportsGoal
571,7,supportsGoal
572,1,targets
572,49,recruits
572,36,recruits
572,56,recruits
572,45,recruits
572,2,requires
572,12,hasType
572,4,hasIntensity
572,26,hasForce
572,6,hasMechanic
572,14,supportsGoal
572,15,supportsGoal
573,45,targets
573,56,recruits
573,2,requires
573,12,hasType
573,58,hasIntensity
573,26,hasForce
573,14,supportsGoal
573,15,supportsGoal
574,1,targets
574,49,recruits
574,21,recruits
574,45,recruits
574,46,requires
574,3,hasType
574,4,hasIntensity
574,5,hasForce
574,19,hasMechanic
574,7,supportsGoal
574,8,supportsGoal
575,1,targets
575,49,recruits
575,21,recruits
575,45,recruits
575,46,requires
575,3,hasType
575,4,hasIntensity
575,5,hasForce
575,6,hasMechanic
575,7,supportsGoal
575,8,supportsGoal
576,36,targets
576,37,requires
576,3,hasType
576,4,hasIntensity
576,5,hasForce
576,19,hasMechanic
576,7,supportsGoal
576,8,supportsGoal
577,36,targets
577,63,requires
577,3,hasType
577,4,hasIntensity
577,5,hasForce
577,19,hasMechanic
577,7,supportsGoal
577,8,supportsGoal
578,36,targets
578,63,requires
578,3,hasType
578,4,hasIntensity
578,5,hasForce
578,19,hasMechanic
578,7,supportsGoal
578,8,supportsGoal
579,36,targets
579,37,requires
579,3,hasType
579,4,hasIntensity
579,5,hasForce
579,19,hasMechanic
579,7,supportsGoal
579,8,supportsGoal
580,45,targets
580,49,recruits
580,21,recruits
580,22,requires
580,3,hasType
580,4,hasIntensity
580,13,hasForce
580,6,hasMechanic
580,7,supportsGoal
580,8,supportsGoal
581,51,targets
581,2,requires
581,12,hasType
581,18,hasIntensity
581,26,hasForce
581,6,hasMechanic
581,14,supportsGoal
581,15,supportsGoal
582,11,targets
582,25,requires
582,12,hasType
582,18,hasIntensity
582,26,hasForce
582,14,supportsGoal
582,15,supportsGoal
583,11,targets
583,22,requires
583,12,hasType
583,18,hasIntensity
583,26,hasForce
583,14,supportsGoal
583,15,supportsGoal
584,29,targets
584,10,recruits
584,78,requires
584,3,hasType
584,4,hasIntensity
584,13,hasForce
584,6,hasMechanic
584,7,supportsGoal
584,8,supportsGoal
585,45,targets
585,49,recruits
585,36,recruits
585,56,recruits
585,55,recruits
585,21,recruits
585,63,requires
585,68,hasType
585,18,hasIntensity
585,13,hasForce
585,6,hasMechanic
585,7,supportsGoal
586,29,targets
586,25,requires
586,12,hasType
586,18,hasIntensity
586,26,hasForce
586,19,hasMechanic
586,14,supportsGoal
586,15,supportsGoal
587,1,targets
587,2,requires
587,3,hasType
587,4,hasIntensity
587,26,hasForce
587,19,hasMechanic
587,7,supportsGoal
587,8,supportsGoal
588,36,targets
588,22,requires
588,3,hasType
588,18,hasIntensity
588,26,hasForce
588,19,hasMechanic
588,7,supportsGoal
588,8,supportsGoal
589,1,targets
589,22,requires
589,3,hasType
589,18,hasIntensity
589,5,hasForce
589,6,hasMechanic
589,7,supportsGoal
589,8,supportsGoal
590,10,targets
590,29,recruits
590,22,requires
590,3,hasType
590,4,hasIntensity
590,5,hasForce
590,19,hasMechanic
590,7,supportsGoal
590,8,supportsGoal
591,33,targets
591,1,recruits
591,11,recruits
591,29,recruits
591,10,recruits
591,37,requires
591,3,hasType
591,4,hasIntensity
591,13,hasForce
591,6,hasMechanic
591,7,supportsGoal
591,8,supportsGoal
592,49,targets
592,21,recruits
592,45,recruits
592,30,requires
592,3,hasType
592,58,hasIntensity
592,13,hasForce
592,6,hasMechanic
592,7,supportsGoal
592,8,supportsGoal
593,49,targets
593,21,recruits
593,45,recruits
593,2,requires
593,42,hasType
593,4,hasIntensity
593,13,hasForce
593,6,hasMechanic
593,43,supportsGoal
594,11,targets
594,22,requires
594,12,hasType
594,18,hasIntensity
594,26,hasForce
594,14,supportsGoal
594,15,supportsGoal
595,10,targets
595,11,recruits
595,36,recruits
595,29,recruits
595,51,recruits
595,55,recruits
595,33,recruits
595,21,recruits
595,52,recruits
595,45,recruits
595,63,requires
595,3,hasType
595,18,hasIntensity
595,5,hasForce
595,6,hasMechanic
595,7,supportsGoal
595,8,supportsGoal
596,10,targets
596,33,recruits
596,63,requires
596,68,hasType
596,18,hasIntensity
596,5,hasForce
596,6,hasMechanic
596,43,supportsGoal
596,7,supportsGoal
597,33,targets
597,1,recruits
597,11,recruits
597,29,recruits
597,10,recruits
597,21,recruits
597,45,recruits
597,63,requires
597,68,hasType
597,58,hasIntensity
597,13,hasForce
597,6,hasMechanic
597,43,supportsGoal
597,7,supportsGoal
598,21,targets
598,37,requires
598,3,hasType
598,4,hasIntensity
598,13,hasForce
598,19,hasMechanic
598,7,supportsGoal
598,8,supportsGoal
599,10,targets
599,11,recruits
599,29,recruits
599,51,recruits
599,33,recruits
599,21,recruits
599,52,recruits
599,45,recruits
599,63,requires
599,68,hasType
599,58,hasIntensity
599,5,hasForce
599,6,hasMechanic
599,43,supportsGoal
599,7,supportsGoal
600,33,targets
600,11,recruits
600,36,recruits
600,29,recruits
600,10,recruits
600,51,recruits
600,21,recruits
600,52,recruits
600,45,recruits
600,63,requires
600,68,hasType
600,18,hasIntensity
600,5,hasForce
600,6,hasMechanic
600,43,supportsGoal
600,7,supportsGoal
601,10,targets
601,24,recruits
601,11,recruits
601,29,recruits
601,51,recruits
601,33,recruits
601,21,recruits
601,52,recruits
601,22,requires
601,68,hasType
601,18,hasIntensity
601,5,hasForce
601,6,hasMechanic
601,43,supportsGoal
601,7,supportsGoal
602,35,targets
602,63,requires
602,3,hasType
602,4,hasIntensity
602,5,hasForce
602,19,hasMechanic
602,7,supportsGoal
602,8,supportsGoal
603,35,targets
603,36,recruits
603,37,requires
603,3,hasType
603,4,hasIntensity
603,5,hasForce
603,19,hasMechanic
603,7,supportsGoal
603,8,supportsGoal
604,1,targets
604,49,recruits
604,21,recruits
604,45,recruits
604,63,requires
604,3,hasType
604,58,hasIntensity
604,13,hasForce
604,6,hasMechanic
604,7,supportsGoal
604,8,supportsGoal
605,10,targets
605,2,requires
605,3,hasType
605,4,hasIntensity
605,26,hasForce
605,19,hasMechanic
605,7,supportsGoal
605,8,supportsGoal
606,10,targets
606,11,recruits
606,49,recruits
606,29,recruits
606,33,recruits
606,21,recruits
606,22,requires
606,132,hasType
606,4,hasIntensity
606,13,hasForce
606,6,hasMechanic
606,133,supportsGoal
606,134,supportsGoal
607,29,targets
607,10,recruits
607,51,recruits
607,46,requires
607,3,hasType
607,4,hasIntensity
607,5,hasForce
607,6,hasMechanic
607,7,supportsGoal
607,8,supportsGoal
608,56,targets
608,35,recruits
608,55,recruits
608,2,requires
608,3,hasType
608,4,hasIntensity
608,5,hasForce
608,6,hasMechanic
608,7,supportsGoal
608,8,supportsGoal
609,49,targets
609,1,recruits
609,21,recruits
609,45,recruits
609,2,requires
609,3,hasType
609,4,hasIntensity
609,6,hasMechanic
609,7,supportsGoal
609,8,supportsGoal
610,45,targets
610,49,recruits
610,21,recruits
610,2,requires
610,3,hasType
610,18,hasIntensity
610,13,hasForce
610,6,hasMechanic
610,7,supportsGoal
610,8,supportsGoal
611,49,targets
611,21,recruits
611,45,recruits
611,2,requires
611,3,hasType
611,4,hasIntensity
611,13,hasForce
611,6,hasMechanic
611,7,supportsGoal
611,8,supportsGoal
612,49,targets
612,21,recruits
612,45,recruits
612,78,requires
612,3,hasType
612,18,hasIntensity
612,13,hasForce
612,6,hasMechanic
612,7,supportsGoal
612,8,supportsGoal
613,21,targets
613,33,recruits
613,45,recruits
613,63,requires
613,68,hasType
613,58,hasIntensity
613,13,hasForce
613,6,hasMechanic
613,43,supportsGoal
613,7,supportsGoal
614,21,targets
614,11,recruits
614,33,recruits
614,45,recruits
614,63,requires
614,68,hasType
614,18,hasIntensity
614,13,hasForce
614,6,hasMechanic
614,43,supportsGoal
614,7,supportsGoal
615,49,targets
615,1,recruits
615,21,recruits
615,45,recruits
615,2,requires
615,3,hasType
615,4,hasIntensity
615,13,hasForce
615,6,hasMechanic
615,7,supportsGoal
615,8,supportsGoal
616,49,targets
616,21,recruits
616,45,recruits
616,2,requires
616,3,hasType
616,4,hasIntensity
616,13,hasForce
616,6,hasMechanic
616,7,supportsGoal
616,8,supportsGoal
617,49,targets
617,21,recruits
617,45,recruits
617,2,requires
617,3,hasType
617,4,hasIntensity
617,13,hasForce
617,6,hasMechanic
617,7,supportsGoal
617,8,supportsGoal
618,51,targets
618,21,recruits
618,78,requires
618,12,hasType
618,4,hasIntensity
618,26,hasForce
618,14,supportsGoal
618,15,supportsGoal
619,33,targets
619,22,requires
619,12,hasType
619,18,hasIntensity
619,26,hasForce
619,14,supportsGoal
619,15,supportsGoal
620,33,targets
620,25,requires
620,12,hasType
620,18,hasIntensity
620,26,hasForce
620,19,hasMechanic
620,14,supportsGoal
620,15,supportsGoal
621,33,targets
621,11,recruits
621,10,recruits
621,22,requires
621,42,hasType
621,4,hasIntensity
621,13,hasForce
621,6,hasMechanic
621,43,supportsGoal
622,21,targets
622,36,recruits
622,52,recruits
622,63,requires
622,68,hasType
622,18,hasIntensity
622,5,hasForce
622,6,hasMechanic
622,43,supportsGoal
622,7,supportsGoal
623,51,targets
623,36,recruits
623,29,recruits
623,10,recruits
623,33,recruits
623,52,recruits
623,63,requires
623,68,hasType
623,18,hasIntensity
623,5,hasForce
623,6,hasMechanic
623,7,supportsGoal
624,51,targets
624,36,recruits
624,29,recruits
624,10,recruits
624,52,recruits
624,63,requires
624,68,hasType
624,18,hasIntensity
624,5,hasForce
624,6,hasMechanic
624,7,supportsGoal
625,33,targets
625,2,requires
625,12,hasType
625,4,hasIntensity
625,13,hasForce
625,14,supportsGoal
625,15,supportsGoal
626,33,targets
626,11,recruits
626,29,recruits
626,10,recruits
626,17,requires
626,132,hasType
626,4,hasIntensity
626,133,supportsGoal
626,134,supportsGoal
627,21,targets
627,49,recruits
627,45,recruits
627,75,requires
627,42,hasType
627,4,hasIntensity
627,13,hasForce
627,6,hasMechanic
627,43,supportsGoal
628,45,targets
628,49,recruits
628,36,recruits
628,56,recruits
628,55,recruits
628,21,recruits
628,63,requires
628,68,hasType
628,18,hasIntensity
628,13,hasForce
628,6,hasMechanic
628,7,supportsGoal
629,33,targets
629,41,recruits
629,24,recruits
629,11,recruits
629,36,recruits
629,29,recruits
629,10,recruits
629,51,recruits
629,63,requires
629,68,hasType
629,18,hasIntensity
629,13,hasForce
629,6,hasMechanic
629,7,supportsGoal
630,51,targets
630,41,recruits
630,24,recruits
630,11,recruits
630,29,recruits
630,10,recruits
630,33,recruits
630,63,requires
630,68,hasType
630,58,hasIntensity
630,5,hasForce
630,6,hasMechanic
630,7,supportsGoal
631,33,targets
631,24,recruits
631,11,recruits
631,29,recruits
631,10,recruits
631,51,recruits
631,63,requires
631,68,hasType
631,58,hasIntensity
631,13,hasForce
631,6,hasMechanic
631,7,supportsGoal
632,10,targets
632,41,recruits
632,24,recruits
632,11,recruits
632,36,recruits
632,29,recruits
632,51,recruits
632,33,recruits
632,52,recruits
632,63,requires
632,68,hasType
632,58,hasIntensity
632,5,hasForce
632,6,hasMechanic
632,7,supportsGoal
633,35,targets
633,36,recruits
633,63,requires
633,3,hasType
633,4,hasIntensity
633,5,hasForce
633,19,hasMechanic
633,7,supportsGoal
633,8,supportsGoal
634,35,targets
634,36,recruits
634,140,requires
634,3,hasType
634,18,hasIntensity
634,5,hasForce
634,19,hasMechanic
634,7,supportsGoal
634,8,supportsGoal
635,35,targets
635,36,recruits
635,46,requires
635,3,hasType
635,4,hasIntensity
635,5,hasForce
635,19,hasMechanic
635,7,supportsGoal
635,8,supportsGoal
636,1,targets
636,2,requires
636,3,hasType
636,4,hasIntensity
636,5,hasForce
636,19,hasMechanic
636,7,supportsGoal
636,8,supportsGoal
637,21,targets
637,37,requires
637,3,hasType
637,4,hasIntensity
637,5,hasForce
637,19,hasMechanic
637,7,supportsGoal
637,8,supportsGoal
638,21,targets
638,37,requires
638,3,hasType
638,18,hasIntensity
638,5,hasForce
638,19,hasMechanic
638,7,supportsGoal
638,8,supportsGoal
639,55,targets
639,35,recruits
639,56,recruits
639,21,recruits
639,63,requires
639,3,hasType
639,18,hasIntensity
639,5,hasForce
639,6,hasMechanic
639,7,supportsGoal
639,8,supportsGoal
640,45,targets
640,46,requires
640,3,hasType
640,4,hasIntensity
640,13,hasForce
640,19,hasMechanic
640,7,supportsGoal
640,8,supportsGoal
641,10,targets
641,11,recruits
641,29,recruits
641,17,requires
641,3,hasType
641,18,hasIntensity
641,5,hasForce
641,7,supportsGoal
641,8,supportsGoal
642,21,targets
642,17,requires
642,3,hasType
642,4,hasIntensity
642,5,hasForce
642,19,hasMechanic
642,7,supportsGoal
642,8,supportsGoal
643,35,targets
643,36,recruits
643,22,requires
643,3,hasType
643,4,hasIntensity
643,5,hasForce
643,19,hasMechanic
643,7,supportsGoal
643,8,supportsGoal
644,45,targets
644,49,recruits
644,21,recruits
644,63,requires
644,3,hasType
644,18,hasIntensity
644,13,hasForce
644,6,hasMechanic
644,7,supportsGoal
644,8,supportsGoal
645,55,targets
645,52,recruits
645,25,requires
645,12,hasType
645,18,hasIntensity
645,26,hasForce
645,14,supportsGoal
645,15,supportsGoal
646,36,targets
646,1,recruits
646,11,recruits
646,29,recruits
646,10,recruits
646,51,recruits
646,33,recruits
646,52,recruits
646,22,requires
646,68,hasType
646,18,hasIntensity
646,6,hasMechanic
646,43,supportsGoal
646,7,supportsGoal
647,33,targets
647,36,recruits
647,29,recruits
647,10,recruits
647,51,recruits
647,52,recruits
647,22,requires
647,68,hasType
647,18,hasIntensity
647,5,hasForce
647,6,hasMechanic
647,43,supportsGoal
647,7,supportsGoal
648,45,targets
648,49,recruits
648,21,recruits
648,22,requires
648,3,hasType
648,18,hasIntensity
648,13,hasForce
648,6,hasMechanic
648,7,supportsGoal
648,8,supportsGoal
649,33,targets
649,11,recruits
649,10,recruits
649,2,requires
649,42,hasType
649,4,hasIntensity
649,13,hasForce
649,6,hasMechanic
649,43,supportsGoal
650,11,targets
650,63,requires
650,3,hasType
650,4,hasIntensity
650,13,hasForce
650,19,hasMechanic
650,7,supportsGoal
650,8,supportsGoal
651,56,targets
651,35,recruits
651,55,recruits
651,21,recruits
651,22,requires
651,3,hasType
651,18,hasIntensity
651,5,hasForce
651,6,hasMechanic
651,7,supportsGoal
651,8,supportsGoal
652,10,targets
652,11,recruits
652,29,recruits
652,51,recruits
652,63,requires
652,3,hasType
652,18,hasIntensity
652,5,hasForce
652,6,hasMechanic
652,7,supportsGoal
652,8,supportsGoal
653,10,targets
653,36,recruits
653,29,recruits
653,51,recruits
653,52,recruits
653,63,requires
653,68,hasType
653,18,hasIntensity
653,5,hasForce
653,6,hasMechanic
653,43,supportsGoal
653,7,supportsGoal
654,56,targets
654,35,recruits
654,36,recruits
654,55,recruits
654,21,recruits
654,22,requires
654,3,hasType
654,18,hasIntensity
654,5,hasForce
654,6,hasMechanic
654,7,supportsGoal
654,8,supportsGoal
655,1,targets
655,46,requires
655,3,hasType
655,4,hasIntensity
655,5,hasForce
655,19,hasMechanic
655,7,supportsGoal
655,8,supportsGoal
656,33,targets
656,11,recruits
656,10,recruits
656,22,requires
656,132,hasType
656,18,hasIntensity
656,133,supportsGoal
656,134,supportsGoal
657,56,targets
657,46,requires
657,3,hasType
657,4,hasIntensity
657,5,hasForce
657,19,hasMechanic
657,7,supportsGoal
657,8,supportsGoal
658,21,targets
658,35,recruits
658,49,recruits
658,22,requires
658,12,hasType
658,4,hasIntensity
658,26,hasForce
658,14,supportsGoal
658,15,supportsGoal
659,33,targets
659,35,recruits
659,11,recruits
659,29,recruits
659,10,recruits
659,51,recruits
659,55,recruits
659,17,requires
659,132,hasType
659,18,hasIntensity
659,133,supportsGoal
659,134,supportsGoal
660,10,targets
660,11,recruits
660,2,requires
660,12,hasType
660,4,hasIntensity
660,26,hasForce
660,14,supportsGoal
660,15,supportsGoal
661,33,targets
661,11,recruits
661,29,recruits
661,10,recruits
661,17,requires
661,132,hasType
661,4,hasIntensity
661,133,supportsGoal
661,134,supportsGoal
662,1,targets
662,51,recruits
662,2,requires
662,3,hasType
662,18,hasIntensity
662,5,hasForce
662,6,hasMechanic
662,7,supportsGoal
662,8,supportsGoal
663,33,targets
663,1,recruits
663,35,recruits
663,11,recruits
663,36,recruits
663,29,recruits
663,10,recruits
663,51,recruits
663,55,recruits
663,21,recruits
663,52,recruits
663,22,requires
663,68,hasType
663,4,hasIntensity
663,5,hasForce
663,6,hasMechanic
663,43,supportsGoal
663,7,supportsGoal
664,52,targets
664,56,recruits
664,55,recruits
664,2,requires
664,3,hasType
664,4,hasIntensity
664,5,hasForce
664,19,hasMechanic
664,7,supportsGoal
664,8,supportsGoal
665,1,targets
665,2,requires
665,12,hasType
665,4,hasIntensity
665,5,hasForce
665,19,hasMechanic
665,14,supportsGoal
665,15,supportsGoal
666,33,targets
666,29,recruits
666,10,recruits
666,2,requires
666,42,hasType
666,4,hasIntensity
666,13,hasForce
666,6,hasMechanic
666,43,supportsGoal
667,10,targets
667,22,requires
667,3,hasType
667,4,hasIntensity
667,5,hasForce
667,19,hasMechanic
667,7,supportsGoal
667,8,supportsGoal
668,21,targets
668,45,recruits
668,63,requires
668,3,hasType
668,18,hasIntensity
668,13,hasForce
668,6,hasMechanic
668,7,supportsGoal
668,8,supportsGoal
669,1,targets
669,63,requires
669,3,hasType
669,4,hasIntensity
669,5,hasForce
669,19,hasMechanic
669,7,supportsGoal
669,8,supportsGoal
670,45,targets
670,37,requires
670,3,hasType
670,4,hasIntensity
670,13,hasForce
670,19,hasMechanic
670,7,supportsGoal
670,8,supportsGoal
671,21,targets
671,37,requires
671,3,hasType
671,18,hasIntensity
671,5,hasForce
671,19,hasMechanic
671,7,supportsGoal
671,8,supportsGoal
672,45,targets
672,37,requires
672,3,hasType
672,18,hasIntensity
672,13,hasForce
672,19,hasMechanic
672,7,supportsGoal
672,8,supportsGoal
673,35,targets
673,49,recruits
673,21,recruits
673,2,requires
673,12,hasType
673,58,hasIntensity
673,26,hasForce
673,19,hasMechanic
673,14,supportsGoal
673,15,supportsGoal
674,55,targets
674,35,recruits
674,56,recruits
674,21,recruits
674,46,requires
674,3,hasType
674,4,hasIntensity
674,5,hasForce
674,6,hasMechanic
674,7,supportsGoal
674,8,supportsGoal
675,21,targets
675,45,recruits
675,46,requires
675,3,hasType
675,4,hasIntensity
675,13,hasForce
675,6,hasMechanic
675,7,supportsGoal
675,8,supportsGoal
676,11,targets
676,17,requires
676,3,hasType
676,4,hasIntensity
676,13,hasForce
676,19,hasMechanic
676,7,supportsGoal
676,8,supportsGoal
677,11,targets
677,10,recruits
677,51,recruits
677,2,requires
677,12,hasType
677,4,hasIntensity
677,26,hasForce
677,14,supportsGoal
677,15,supportsGoal
678,35,targets
678,63,requires
678,3,hasType
678,18,hasIntensity
678,5,hasForce
678,19,hasMechanic
678,7,supportsGoal
678,8,supportsGoal
679,35,targets
679,37,requires
679,3,hasType
679,4,hasIntensity
679,5,hasForce
679,19,hasMechanic
679,7,supportsGoal
679,8,supportsGoal
680,35,targets
680,37,requires
680,3,hasType
680,4,hasIntensity
680,5,hasForce
680,19,hasMechanic
680,7,supportsGoal
680,8,supportsGoal
681,36,targets
681,37,requires
681,3,hasType
681,4,hasIntensity
681,5,hasForce
681,19,hasMechanic
681,7,supportsGoal
681,8,supportsGoal
682,36,targets
682,37,requires
682,3,hasType
682,4,hasIntensity
682,5,hasForce
682,19,hasMechanic
682,7,supportsGoal
682,8,supportsGoal
683,21,targets
683,45,recruits
683,37,requires
683,3,hasType
683,4,hasIntensity
683,13,hasForce
683,6,hasMechanic
683,7,supportsGoal
683,8,supportsGoal
684,1,targets
684,2,requires
684,3,hasType
684,4,hasIntensity
684,5,hasForce
684,6,hasMechanic
684,7,supportsGoal
684,8,supportsGoal
685,10,targets
685,11,recruits
685,2,requires
685,12,hasType
685,4,hasIntensity
685,26,hasForce
685,14,supportsGoal
685,15,supportsGoal
686,21,targets
686,49,recruits
686,2,requires
686,12,hasType
686,58,hasIntensity
686,26,hasForce
686,14,supportsGoal
686,15,supportsGoal
687,29,targets
687,24,recruits
687,2,requires
687,12,hasType
687,58,hasIntensity
687,26,hasForce
687,14,supportsGoal
687,15,supportsGoal
688,51,targets
688,29,recruits
688,63,requires
688,68,hasType
688,18,hasIntensity
688,5,hasForce
688,6,hasMechanic
688,7,supportsGoal
689,10,targets
689,11,recruits
689,2,requires
689,12,hasType
689,58,hasIntensity
689,26,hasForce
689,14,supportsGoal
689,15,supportsGoal
690,10,targets
690,11,recruits
690,22,requires
690,12,hasType
690,18,hasIntensity
690,26,hasForce
690,14,supportsGoal
690,15,supportsGoal
691,209,targets
691,22,requires
691,3,hasType
691,18,hasIntensity
691,5,hasForce
691,19,hasMechanic
691,7,supportsGoal
691,8,supportsGoal
692,10,targets
692,17,requires
692,3,hasType
692,4,hasIntensity
692,5,hasForce
692,19,hasMechanic
692,7,supportsGoal
692,8,supportsGoal
693,1,targets
693,2,requires
693,3,hasType
693,4,hasIntensity
693,5,hasForce
693,19,hasMechanic
693,7,supportsGoal
693,8,supportsGoal
694,36,targets
694,37,requires
694,3,hasType
694,18,hasIntensity
694,5,hasForce
694,19,hasMechanic
694,7,supportsGoal
694,8,supportsGoal
695,36,targets
695,37,requires
695,3,hasType
695,4,hasIntensity
695,5,hasForce
695,19,hasMechanic
695,7,supportsGoal
695,8,supportsGoal
696,55,targets
696,35,recruits
696,56,recruits
696,52,recruits
696,46,requires
696,3,hasType
696,18,hasIntensity
696,5,hasForce
696,6,hasMechanic
696,7,supportsGoal
696,8,supportsGoal
697,1,targets
697,2,requires
697,12,hasType
697,4,hasIntensity
697,26,hasForce
697,19,hasMechanic
697,14,supportsGoal
697,15,supportsGoal
698,36,targets
698,63,requires
698,3,hasType
698,4,hasIntensity
698,5,hasForce
698,19,hasMechanic
698,7,supportsGoal
698,8,supportsGoal
699,36,targets
699,63,requires
699,3,hasType
699,4,hasIntensity
699,5,hasForce
699,19,hasMechanic
699,7,supportsGoal
699,8,supportsGoal
700,21,targets
700,37,requires
700,3,hasType
700,4,hasIntensity
700,13,hasForce
700,19,hasMechanic
700,7,supportsGoal
700,8,supportsGoal
701,45,targets
701,37,requires
701,3,hasType
701,4,hasIntensity
701,13,hasForce
701,19,hasMechanic
701,7,supportsGoal
701,8,supportsGoal
702,36,targets
702,46,requires
702,3,hasType
702,4,hasIntensity
702,5,hasForce
702,19,hasMechanic
702,7,supportsGoal
702,8,supportsGoal
703,21,targets
703,1,recruits
703,45,recruits
703,37,requires
703,3,hasType
703,18,hasIntensity
703,13,hasForce
703,6,hasMechanic
703,7,supportsGoal
703,8,supportsGoal
704,56,targets
704,35,recruits
704,55,recruits
704,46,requires
704,3,hasType
704,4,hasIntensity
704,5,hasForce
704,6,hasMechanic
704,7,supportsGoal
704,8,supportsGoal
705,21,targets
705,52,recruits
705,2,requires
705,12,hasType
705,4,hasIntensity
705,5,hasForce
705,14,supportsGoal
705,15,supportsGoal
706,21,targets
706,45,recruits
706,72,requires
706,3,hasType
706,4,hasIntensity
706,13,hasForce
706,6,hasMechanic
706,7,supportsGoal
706,8,supportsGoal
707,21,targets
707,56,recruits
707,2,requires
707,12,hasType
707,4,hasIntensity
707,5,hasForce
707,14,supportsGoal
707,15,supportsGoal
708,21,targets
708,2,requires
708,12,hasType
708,4,hasIntensity
708,5,hasForce
708,14,supportsGoal
708,15,supportsGoal
709,56,targets
709,2,requires
709,12,hasType
709,4,hasIntensity
709,26,hasForce
709,14,supportsGoal
709,15,supportsGoal
710,1,targets
710,21,recruits
710,2,requires
710,3,hasType
710,4,hasIntensity
710,26,hasForce
710,7,supportsGoal
710,8,supportsGoal
711,33,targets
711,41,recruits
711,24,recruits
711,11,recruits
711,10,recruits
711,22,requires
711,42,hasType
711,4,hasIntensity
711,13,hasForce
711,6,hasMechanic
711,43,supportsGoal
712,1,targets
712,2,requires
712,3,hasType
712,4,hasIntensity
712,5,hasForce
712,6,hasMechanic
712,7,supportsGoal
712,8,supportsGoal
713,21,targets
713,37,requires
713,3,hasType
713,4,hasIntensity
713,13,hasForce
713,19,hasMechanic
713,7,supportsGoal
713,8,supportsGoal
714,21,targets
714,52,recruits
714,37,requires
714,3,hasType
714,4,hasIntensity
714,13,hasForce
714,19,hasMechanic
714,7,supportsGoal
714,8,supportsGoal
715,24,targets
715,2,requires
715,12,hasType
715,4,hasIntensity
715,5,hasForce
715,14,supportsGoal
715,15,supportsGoal
716,24,targets
716,10,recruits
716,2,requires
716,12,hasType
716,4,hasIntensity
716,26,hasForce
716,19,hasMechanic
716,14,supportsGoal
716,15,supportsGoal
717,209,targets
717,2,requires
717,12,hasType
717,4,hasIntensity
717,26,hasForce
717,19,hasMechanic
717,14,supportsGoal
717,15,supportsGoal
718,33,targets
718,11,recruits
718,29,recruits
718,10,recruits
718,2,requires
718,42,hasType
718,4,hasIntensity
718,13,hasForce
718,6,hasMechanic
718,43,supportsGoal
719,56,targets
719,35,recruits
719,36,recruits
719,55,recruits
719,21,recruits
719,22,requires
719,3,hasType
719,18,hasIntensity
719,5,hasForce
719,6,hasMechanic
719,7,supportsGoal
719,8,supportsGoal
720,21,targets
720,36,recruits
720,56,recruits
720,2,requires
720,12,hasType
720,4,hasIntensity
720,26,hasForce
720,19,hasMechanic
720,14,supportsGoal
720,15,supportsGoal
721,33,targets
721,41,recruits
721,24,recruits
721,11,recruits
721,10,recruits
721,22,requires
721,42,hasType
721,4,hasIntensity
721,13,hasForce
721,6,hasMechanic
721,43,supportsGoal
722,49,targets
722,46,requires
722,3,hasType
722,4,hasIntensity
722,13,hasForce
722,19,hasMechanic
722,7,supportsGoal
722,8,supportsGoal
723,21,targets
723,49,recruits
723,45,recruits
723,63,requires
723,3,hasType
723,18,hasIntensity
723,13,hasForce
723,6,hasMechanic
723,7,supportsGoal
723,8,supportsGoal
724,49,targets
724,21,recruits
724,45,recruits
724,2,requires
724,3,hasType
724,18,hasIntensity
724,13,hasForce
724,6,hasMechanic
724,7,supportsGoal
724,8,supportsGoal
725,33,targets
725,11,recruits
725,29,recruits
725,10,recruits
725,22,requires
725,42,hasType
725,4,hasIntensity
725,13,hasForce
725,43,supportsGoal
726,33,targets
726,29,recruits
726,10,recruits
726,22,requires
726,3,hasType
726,4,hasIntensity
726,13,hasForce
726,6,hasMechanic
726,7,supportsGoal
726,8,supportsGoal
727,33,targets
727,41,recruits
727,24,recruits
727,11,recruits
727,10,recruits
727,22,requires
727,42,hasType
727,4,hasIntensity
727,13,hasForce
727,6,hasMechanic
727,43,supportsGoal
728,33,targets
728,41,recruits
728,24,recruits
728,11,recruits
728,10,recruits
728,22,requires
728,42,hasType
728,4,hasIntensity
728,13,hasForce
728,6,hasMechanic
728,43,supportsGoal
729,33,targets
729,17,requires
729,3,hasType
729,4,hasIntensity
729,13,hasForce
729,19,hasMechanic
729,7,supportsGoal
729,8,supportsGoal
730,33,targets
730,41,recruits
730,24,recruits
730,11,recruits
730,10,recruits
730,22,requires
730,42,hasType
730,4,hasIntensity
730,13,hasForce
730,6,hasMechanic
730,43,supportsGoal
731,21,targets
731,36,recruits
731,52,recruits
731,37,requires
731,3,hasType
731,4,hasIntensity
731,19,hasMechanic
731,7,supportsGoal
731,8,supportsGoal
732,33,targets
732,11,recruits
732,10,recruits
732,2,requires
732,42,hasType
732,4,hasIntensity
732,13,hasForce
732,6,hasMechanic
732,43,supportsGoal
733,29,targets
733,10,recruits
733,2,requires
733,3,hasType
733,4,hasIntensity
733,13,hasForce
733,19,hasMechanic
733,7,supportsGoal
733,8,supportsGoal
734,33,targets
734,11,recruits
734,10,recruits
734,22,requires
734,42,hasType
734,4,hasIntensity
734,13,hasForce
734,6,hasMechanic
734,43,supportsGoal
735,1,targets
735,2,requires
735,3,hasType
735,4,hasIntensity
735,5,hasForce
735,19,hasMechanic
735,7,supportsGoal
735,8,supportsGoal
736,33,targets
736,41,recruits
736,29,recruits
736,10,recruits
736,2,requires
736,12,hasType
736,4,hasIntensity
736,13,hasForce
736,14,supportsGoal
736,15,supportsGoal
737,33,targets
737,41,recruits
737,24,recruits
737,11,recruits
737,29,recruits
737,10,recruits
737,22,requires
737,132,hasType
737,18,hasIntensity
737,133,supportsGoal
737,134,supportsGoal
738,33,targets
738,11,recruits
738,29,recruits
738,10,recruits
738,22,requires
738,68,hasType
738,4,hasIntensity
738,13,hasForce
738,6,hasMechanic
738,43,supportsGoal
738,7,supportsGoal
739,21,targets
739,11,recruits
739,55,recruits
739,33,recruits
739,22,requires
739,3,hasType
739,4,hasIntensity
739,5,hasForce
739,6,hasMechanic
739,7,supportsGoal
739,8,supportsGoal
740,45,targets
740,22,requires
740,3,hasType
740,4,hasIntensity
740,13,hasForce
740,19,hasMechanic
740,7,supportsGoal
740,8,supportsGoal
741,33,targets
741,11,recruits
741,49,recruits
741,29,recruits
741,10,recruits
741,45,recruits
741,22,requires
741,68,hasType
741,4,hasIntensity
741,13,hasForce
741,6,hasMechanic
741,43,supportsGoal
741,7,supportsGoal
742,21,targets
742,22,requires
742,3,hasType
742,4,hasIntensity
742,5,hasForce
742,19,hasMechanic
742,7,supportsGoal
742,8,supportsGoal
743,55,targets
743,35,recruits
743,56,recruits
743,22,requires
743,3,hasType
743,4,hasIntensity
743,5,hasForce
743,6,hasMechanic
743,7,supportsGoal
743,8,supportsGoal
744,1,targets
744,11,recruits
744,36,recruits
744,56,recruits
744,55,recruits
744,21,recruits
744,22,requires
744,42,hasType
744,4,hasIntensity
744,5,hasForce
744,6,hasMechanic
744,43,supportsGoal
745,21,targets
745,49,recruits
745,63,requires
745,3,hasType
745,4,hasIntensity
745,13,hasForce
745,19,hasMechanic
745,7,supportsGoal
745,8,supportsGoal
746,52,targets
746,21,recruits
746,17,requires
746,3,hasType
746,4,hasIntensity
746,5,hasForce
746,19,hasMechanic
746,7,supportsGoal
746,8,supportsGoal
747,49,targets
747,21,recruits
747,45,recruits
747,17,requires
747,3,hasType
747,4,hasIntensity
747,13,hasForce
747,6,hasMechanic
747,7,supportsGoal
747,8,supportsGoal
748,55,targets
748,35,recruits
748,56,recruits
748,21,recruits
748,17,requires
748,3,hasType
748,4,hasIntensity
748,5,hasForce
748,6,hasMechanic
748,7,supportsGoal
748,8,supportsGoal
749,11,targets
749,17,requires
749,3,hasType
749,4,hasIntensity
749,13,hasForce
749,19,hasMechanic
749,7,supportsGoal
749,8,supportsGoal
750,45,targets
750,49,recruits
750,21,recruits
750,17,requires
750,3,hasType
750,4,hasIntensity
750,13,hasForce
750,6,hasMechanic
750,7,supportsGoal
750,8,supportsGoal
751,49,targets
751,21,recruits
751,45,recruits
751,17,requires
751,3,hasType
751,4,hasIntensity
751,6,hasMechanic
751,7,supportsGoal
751,8,supportsGoal
752,10,targets
752,29,recruits
752,51,recruits
752,33,recruits
752,21,recruits
752,52,recruits
752,17,requires
752,3,hasType
752,18,hasIntensity
752,5,hasForce
752,6,hasMechanic
752,7,supportsGoal
752,8,supportsGoal
753,1,targets
753,17,requires
753,3,hasType
753,4,hasIntensity
753,5,hasForce
753,19,hasMechanic
753,7,supportsGoal
753,8,supportsGoal
754,49,targets
754,21,recruits
754,45,recruits
754,17,requires
754,3,hasType
754,4,hasIntensity
754,13,hasForce
754,6,hasMechanic
754,7,supportsGoal
754,8,supportsGoal
755,33,targets
755,11,recruits
755,29,recruits
755,10,recruits
755,17,requires
755,3,hasType
755,18,hasIntensity
755,13,hasForce
755,6,hasMechanic
755,7,supportsGoal
755,8,supportsGoal
756,21,targets
756,35,recruits
756,52,recruits
756,17,requires
756,3,hasType
756,4,hasIntensity
756,5,hasForce
756,6,hasMechanic
756,7,supportsGoal
756,8,supportsGoal
757,21,targets
757,45,recruits
757,17,requires
757,3,hasType
757,4,hasIntensity
757,13,hasForce
757,6,hasMechanic
757,7,supportsGoal
757,8,supportsGoal
758,33,targets
758,11,recruits
758,29,recruits
758,10,recruits
758,17,requires
758,3,hasType
758,18,hasIntensity
758,13,hasForce
758,6,hasMechanic
758,7,supportsGoal
758,8,supportsGoal
759,11,targets
759,17,requires
759,3,hasType
759,4,hasIntensity
759,13,hasForce
759,19,hasMechanic
759,7,supportsGoal
759,8,supportsGoal
760,33,targets
760,11,recruits
760,29,recruits
760,10,recruits
760,51,recruits
760,17,requires
760,3,hasType
760,4,hasIntensity
760,13,hasForce
760,6,hasMechanic
760,7,supportsGoal
760,8,supportsGoal
761,10,targets
761,29,recruits
761,51,recruits
761,17,requires
761,3,hasType
761,4,hasIntensity
761,5,hasForce
761,6,hasMechanic
761,7,supportsGoal
761,8,supportsGoal
762,52,targets
762,35,recruits
762,55,recruits
762,21,recruits
762,17,requires
762,3,hasType
762,4,hasIntensity
762,5,hasForce
762,6,hasMechanic
762,7,supportsGoal
762,8,supportsGoal
763,33,targets
763,11,recruits
763,29,recruits
763,10,recruits
763,17,requires
763,3,hasType
763,4,hasIntensity
763,13,hasForce
763,6,hasMechanic
763,7,supportsGoal
763,8,supportsGoal
764,33,targets
764,35,recruits
764,29,recruits
764,10,recruits
764,51,recruits
764,21,recruits
764,52,recruits
764,45,recruits
764,63,requires
764,68,hasType
764,18,hasIntensity
764,5,hasForce
764,6,hasMechanic
764,43,supportsGoal
764,7,supportsGoal
765,33,targets
765,11,recruits
765,29,recruits
765,10,recruits
765,21,recruits
765,45,recruits
765,63,requires
765,68,hasType
765,18,hasIntensity
765,13,hasForce
765,6,hasMechanic
765,43,supportsGoal
765,7,supportsGoal
766,10,targets
766,36,recruits
766,29,recruits
766,51,recruits
766,33,recruits
766,52,recruits
766,63,requires
766,68,hasType
766,18,hasIntensity
766,5,hasForce
766,6,hasMechanic
766,43,supportsGoal
766,7,supportsGoal
767,10,targets
767,11,recruits
767,29,recruits
767,51,recruits
767,33,recruits
767,52,recruits
767,63,requires
767,3,hasType
767,18,hasIntensity
767,5,hasForce
767,6,hasMechanic
767,7,supportsGoal
767,8,supportsGoal
768,52,targets
768,36,recruits
768,21,recruits
768,63,requires
768,68,hasType
768,18,hasIntensity
768,5,hasForce
768,6,hasMechanic
768,43,supportsGoal
768,7,supportsGoal
769,33,targets
769,11,recruits
769,36,recruits
769,29,recruits
769,10,recruits
769,51,recruits
769,21,recruits
769,52,recruits
769,45,recruits
769,63,requires
769,68,hasType
769,58,hasIntensity
769,5,hasForce
769,6,hasMechanic
769,43,supportsGoal
769,7,supportsGoal
770,45,targets
770,72,requires
770,3,hasType
770,4,hasIntensity
770,13,hasForce
770,19,hasMechanic
770,7,supportsGoal
770,8,supportsGoal
771,33,targets
771,11,recruits
771,29,recruits
771,10,recruits
771,63,requires
771,68,hasType
771,18,hasIntensity
771,13,hasForce
771,6,hasMechanic
771,7,supportsGoal
772,33,targets
772,11,recruits
772,29,recruits
772,10,recruits
772,51,recruits
772,63,requires
772,3,hasType
772,58,hasIntensity
772,13,hasForce
772,6,hasMechanic
772,7,supportsGoal
772,8,supportsGoal
773,1,targets
773,29,recruits
773,21,recruits
773,37,requires
773,3,hasType
773,4,hasIntensity
773,5,hasForce
773,6,hasMechanic
773,7,supportsGoal
773,8,supportsGoal
774,1,targets
774,49,recruits
774,21,recruits
774,45,recruits
774,2,requires
774,3,hasType
774,4,hasIntensity
774,5,hasForce
774,6,hasMechanic
774,7,supportsGoal
774,8,supportsGoal
775,35,targets
775,140,requires
775,3,hasType
775,4,hasIntensity
775,5,hasForce
775,19,hasMechanic
775,7,supportsGoal
775,8,supportsGoal
776,55,targets
776,56,recruits
776,51,recruits
776,209,recruits
776,52,recruits
776,2,requires
776,12,hasType
776,4,hasIntensity
776,26,hasForce
776,19,hasMechanic
776,14,supportsGoal
776,15,supportsGoal
777,33,targets
777,11,recruits
777,36,recruits
777,29,recruits
777,10,recruits
777,51,recruits
777,21,recruits
777,52,recruits
777,63,requires
777,68,hasType
777,18,hasIntensity
777,5,hasForce
777,6,hasMechanic
777,43,supportsGoal
777,7,supportsGoal
778,33,targets
778,29,recruits
778,10,recruits
778,21,recruits
778,45,recruits
778,63,requires
778,68,hasType
778,18,hasIntensity
778,13,hasForce
778,6,hasMechanic
778,43,supportsGoal
778,7,supportsGoal
779,33,targets
779,11,recruits
779,29,recruits
779,10,recruits
779,2,requires
779,42,hasType
779,4,hasIntensity
779,13,hasForce
779,6,hasMechanic
779,43,supportsGoal
780,10,targets
780,11,recruits
780,36,recruits
780,29,recruits
780,51,recruits
780,33,recruits
780,21,recruits
780,52,recruits
780,45,recruits
780,63,requires
780,68,hasType
780,58,hasIntensity
780,5,hasForce
780,6,hasMechanic
780,43,supportsGoal
780,7,supportsGoal
781,33,targets
781,29,recruits
781,10,recruits
781,37,requires
781,3,hasType
781,4,hasIntensity
781,13,hasForce
781,6,hasMechanic
781,7,supportsGoal
781,8,supportsGoal
782,10,targets
782,11,recruits
782,29,recruits
782,33,recruits
782,2,requires
782,12,hasType
782,18,hasIntensity
782,13,hasForce
782,14,supportsGoal
782,15,supportsGoal
783,33,targets
783,11,recruits
783,29,recruits
783,10,recruits
783,21,recruits
783,45,recruits
783,63,requires
783,3,hasType
783,58,hasIntensity
783,13,hasForce
783,6,hasMechanic
783,7,supportsGoal
783,8,supportsGoal
784,33,targets
784,24,recruits
784,11,recruits
784,29,recruits
784,10,recruits
784,51,recruits
784,63,requires
784,68,hasType
784,18,hasIntensity
784,13,hasForce
784,6,hasMechanic
784,7,supportsGoal
785,33,targets
785,24,recruits
785,11,recruits
785,29,recruits
785,10,recruits
785,51,recruits
785,63,requires
785,68,hasType
785,18,hasIntensity
785,13,hasForce
785,6,hasMechanic
785,7,supportsGoal
786,33,targets
786,41,recruits
786,24,recruits
786,11,recruits
786,29,recruits
786,10,recruits
786,63,requires
786,3,hasType
786,18,hasIntensity
786,13,hasForce
786,6,hasMechanic
786,7,supportsGoal
786,8,supportsGoal
787,33,targets
787,11,recruits
787,29,recruits
787,10,recruits
787,51,recruits
787,72,requires
787,3,hasType
787,4,hasIntensity
787,13,hasForce
787,6,hasMechanic
787,7,supportsGoal
787,8,supportsGoal
788,33,targets
788,11,recruits
788,29,recruits
788,10,recruits
788,17,requires
788,132,hasType
788,18,hasIntensity
788,133,supportsGoal
788,134,supportsGoal
789,21,targets
789,45,recruits
789,37,requires
789,3,hasType
789,4,hasIntensity
789,13,hasForce
789,6,hasMechanic
789,7,supportsGoal
789,8,supportsGoal
790,11,targets
790,63,requires
790,3,hasType
790,4,hasIntensity
790,13,hasForce
790,19,hasMechanic
790,7,supportsGoal
790,8,supportsGoal
791,21,targets
791,45,recruits
791,63,requires
791,3,hasType
791,18,hasIntensity
791,13,hasForce
791,6,hasMechanic
791,7,supportsGoal
791,8,supportsGoal
792,45,targets
792,21,recruits
792,37,requires
792,3,hasType
792,4,hasIntensity
792,13,hasForce
792,19,hasMechanic
792,7,supportsGoal
792,8,supportsGoal
793,45,targets
793,37,requires
793,3,hasType
793,4,hasIntensity
793,13,hasForce
793,19,hasMechanic
793,7,supportsGoal
793,8,supportsGoal
794,35,targets
794,46,requires
794,3,hasType
794,4,hasIntensity
794,5,hasForce
794,19,hasMechanic
794,7,supportsGoal
794,8,supportsGoal
795,35,targets
795,49,recruits
795,21,recruits
795,22,requires
795,12,hasType
795,4,hasIntensity
795,26,hasForce
795,19,hasMechanic
795,14,supportsGoal
795,15,supportsGoal
796,21,targets
796,45,recruits
796,63,requires
796,3,hasType
796,4,hasIntensity
796,13,hasForce
796,6,hasMechanic
796,7,supportsGoal
796,8,supportsGoal
797,49,targets
797,21,recruits
797,45,recruits
797,46,requires
797,3,hasType
797,4,hasIntensity
797,13,hasForce
797,6,hasMechanic
797,7,supportsGoal
797,8,supportsGoal
798,1,targets
798,21,recruits
798,46,requires
798,3,hasType
798,4,hasIntensity
798,5,hasForce
798,6,hasMechanic
798,7,supportsGoal
798,8,supportsGoal
799,1,targets
799,21,recruits
799,46,requires
799,3,hasType
799,4,hasIntensity
799,5,hasForce
799,6,hasMechanic
799,7,supportsGoal
799,8,supportsGoal
800,11,targets
800,17,requires
800,3,hasType
800,4,hasIntensity
800,13,hasForce
800,19,hasMechanic
800,7,supportsGoal
800,8,supportsGoal
801,35,targets
801,36,recruits
801,37,requires
801,3,hasType
801,4,hasIntensity
801,5,hasForce
801,19,hasMechanic
801,7,supportsGoal
801,8,supportsGoal
802,11,targets
802,37,requires
802,3,hasType
802,18,hasIntensity
802,13,hasForce
802,19,hasMechanic
802,7,supportsGoal
802,8,supportsGoal
803,21,targets
803,45,recruits
803,37,requires
803,3,hasType
803,4,hasIntensity
803,13,hasForce
803,6,hasMechanic
803,7,supportsGoal
803,8,supportsGoal
804,35,targets
804,36,recruits
804,37,requires
804,3,hasType
804,18,hasIntensity
804,5,hasForce
804,19,hasMechanic
804,7,supportsGoal
804,8,supportsGoal
805,21,targets
805,37,requires
805,3,hasType
805,18,hasIntensity
805,13,hasForce
805,19,hasMechanic
805,7,supportsGoal
805,8,supportsGoal
806,45,targets
806,37,requires
806,3,hasType
806,4,hasIntensity
806,13,hasForce
806,19,hasMechanic
806,7,supportsGoal
806,8,supportsGoal
807,52,targets
807,35,recruits
807,21,recruits
807,37,requires
807,3,hasType
807,4,hasIntensity
807,5,hasForce
807,6,hasMechanic
807,7,supportsGoal
807,8,supportsGoal
808,33,targets
808,22,requires
808,12,hasType
808,4,hasIntensity
808,26,hasForce
808,14,supportsGoal
808,15,supportsGoal
809,21,targets
809,63,requires
809,3,hasType
809,18,hasIntensity
809,13,hasForce
809,19,hasMechanic
809,7,supportsGoal
809,8,supportsGoal
810,11,targets
810,10,recruits
810,2,requires
810,12,hasType
810,4,hasIntensity
810,26,hasForce
810,14,supportsGoal
810,15,supportsGoal
811,10,targets
811,22,requires
811,12,hasType
811,4,hasIntensity
811,26,hasForce
811,14,supportsGoal
811,15,supportsGoal
812,41,targets
812,24,recruits
812,2,requires
812,12,hasType
812,4,hasIntensity
812,5,hasForce
812,19,hasMechanic
812,14,supportsGoal
812,15,supportsGoal
813,33,targets
813,2,requires
813,12,hasType
813,4,hasIntensity
813,26,hasForce
813,19,hasMechanic
813,14,supportsGoal
813,15,supportsGoal
814,35,targets
814,37,requires
814,3,hasType
814,18,hasIntensity
814,5,hasForce
814,19,hasMechanic
814,7,supportsGoal
814,8,supportsGoal
815,1,targets
815,2,requires
815,12,hasType
815,4,hasIntensity
815,26,hasForce
815,14,supportsGoal
815,15,supportsGoal
816,10,targets
816,17,requires
816,3,hasType
816,4,hasIntensity
816,5,hasForce
816,19,hasMechanic
816,7,supportsGoal
816,8,supportsGoal
817,33,targets
817,11,recruits
817,29,recruits
817,10,recruits
817,2,requires
817,42,hasType
817,4,hasIntensity
817,13,hasForce
817,6,hasMechanic
817,43,supportsGoal
818,21,targets
818,36,recruits
818,46,requires
818,3,hasType
818,4,hasIntensity
818,13,hasForce
818,19,hasMechanic
818,7,supportsGoal
818,8,supportsGoal
819,45,targets
819,49,recruits
819,21,recruits
819,46,requires
819,3,hasType
819,18,hasIntensity
819,13,hasForce
819,19,hasMechanic
819,7,supportsGoal
819,8,supportsGoal
820,21,targets
820,45,recruits
820,63,requires
820,3,hasType
820,4,hasIntensity
820,13,hasForce
820,6,hasMechanic
820,7,supportsGoal
820,8,supportsGoal
821,36,targets
821,35,recruits
821,22,requires
821,3,hasType
821,4,hasIntensity
821,26,hasForce
821,19,hasMechanic
821,7,supportsGoal
821,8,supportsGoal
822,35,targets
822,46,requires
822,3,hasType
822,18,hasIntensity
822,5,hasForce
822,19,hasMechanic
822,7,supportsGoal
822,8,supportsGoal
823,35,targets
823,37,requires
823,3,hasType
823,4,hasIntensity
823,5,hasForce
823,19,hasMechanic
823,7,supportsGoal
823,8,supportsGoal
824,45,targets
824,49,recruits
824,21,recruits
824,37,requires
824,3,hasType
824,4,hasIntensity
824,13,hasForce
824,19,hasMechanic
824,7,supportsGoal
824,8,supportsGoal
825,45,targets
825,21,recruits
825,63,requires
825,3,hasType
825,4,hasIntensity
825,13,hasForce
825,19,hasMechanic
825,7,supportsGoal
825,8,supportsGoal
826,21,targets
826,45,recruits
826,37,requires
826,3,hasType
826,4,hasIntensity
826,13,hasForce
826,6,hasMechanic
826,7,supportsGoal
826,8,supportsGoal
827,21,targets
827,45,recruits
827,37,requires
827,3,hasType
827,18,hasIntensity
827,13,hasForce
827,6,hasMechanic
827,7,supportsGoal
827,8,supportsGoal
828,36,targets
828,63,requires
828,3,hasType
828,4,hasIntensity
828,5,hasForce
828,19,hasMechanic
828,7,supportsGoal
828,8,supportsGoal
829,51,targets
829,29,recruits
829,2,requires
829,12,hasType
829,4,hasIntensity
829,26,hasForce
829,19,hasMechanic
829,14,supportsGoal
829,15,supportsGoal
830,1,targets
830,46,requires
830,3,hasType
830,4,hasIntensity
830,5,hasForce
830,19,hasMechanic
830,7,supportsGoal
830,8,supportsGoal
831,11,targets
831,2,requires
831,12,hasType
831,4,hasIntensity
831,26,hasForce
831,19,hasMechanic
831,14,supportsGoal
831,15,supportsGoal
832,10,targets
832,11,recruits
832,2,requires
832,12,hasType
832,4,hasIntensity
832,26,hasForce
832,14,supportsGoal
832,15,supportsGoal
833,45,targets
833,2,requires
833,3,hasType
833,4,hasIntensity
833,13,hasForce
833,19,hasMechanic
833,7,supportsGoal
833,8,supportsGoal
834,21,targets
834,49,recruits
834,56,recruits
834,75,requires
834,42,hasType
834,4,hasIntensity
834,5,hasForce
834,6,hasMechanic
834,43,supportsGoal
835,33,targets
835,11,recruits
835,29,recruits
835,10,recruits
835,21,recruits
835,2,requires
835,42,hasType
835,4,hasIntensity
835,13,hasForce
835,6,hasMechanic
835,43,supportsGoal
836,29,targets
836,10,recruits
836,33,recruits
836,2,requires
836,3,hasType
836,4,hasIntensity
836,13,hasForce
836,6,hasMechanic
836,7,supportsGoal
836,8,supportsGoal
837,33,targets
837,11,recruits
837,29,recruits
837,10,recruits
837,17,requires
837,132,hasType
837,18,hasIntensity
837,133,supportsGoal
837,134,supportsGoal
838,10,targets
838,29,recruits
838,51,recruits
838,63,requires
838,3,hasType
838,18,hasIntensity
838,5,hasForce
838,6,hasMechanic
838,7,supportsGoal
838,8,supportsGoal
839,10,targets
839,29,recruits
839,51,recruits
839,37,requires
839,3,hasType
839,4,hasIntensity
839,5,hasForce
839,6,hasMechanic
839,7,supportsGoal
839,8,supportsGoal
840,51,targets
840,29,recruits
840,10,recruits
840,63,requires
840,3,hasType
840,4,hasIntensity
840,13,hasForce
840,6,hasMechanic
840,7,supportsGoal
840,8,supportsGoal
841,1,targets
841,2,requires
841,12,hasType
841,4,hasIntensity
841,26,hasForce
841,19,hasMechanic
841,14,supportsGoal
841,15,supportsGoal
842,49,targets
842,56,recruits
842,21,recruits
842,45,recruits
842,37,requires
842,3,hasType
842,18,hasIntensity
842,5,hasForce
842,6,hasMechanic
842,7,supportsGoal
842,8,supportsGoal
843,56,targets
843,46,requires
843,3,hasType
843,4,hasIntensity
843,5,hasForce
843,19,hasMechanic
843,7,supportsGoal
843,8,supportsGoal
844,55,targets
844,35,recruits
844,56,recruits
844,63,requires
844,3,hasType
844,4,hasIntensity
844,5,hasForce
844,6,hasMechanic
844,7,supportsGoal
844,8,supportsGoal
845,21,targets
845,52,recruits
845,63,requires
845,3,hasType
845,4,hasIntensity
845,13,hasForce
845,19,hasMechanic
845,7,supportsGoal
845,8,supportsGoal
846,33,targets
846,41,recruits
846,24,recruits
846,11,recruits
846,10,recruits
846,22,requires
846,42,hasType
846,4,hasIntensity
846,13,hasForce
846,6,hasMechanic
846,43,supportsGoal
847,10,targets
847,24,recruits
847,36,recruits
847,29,recruits
847,51,recruits
847,55,recruits
847,33,recruits
847,52,recruits
847,63,requires
847,68,hasType
847,18,hasIntensity
847,5,hasForce
847,6,hasMechanic
847,7,supportsGoal
848,10,targets
848,24,recruits
848,36,recruits
848,29,recruits
848,51,recruits
848,55,recruits
848,33,recruits
848,52,recruits
848,63,requires
848,68,hasType
848,18,hasIntensity
848,5,hasForce
848,6,hasMechanic
848,7,supportsGoal
849,10,targets
849,41,recruits
849,24,recruits
849,36,recruits
849,29,recruits
849,51,recruits
849,55,recruits
849,33,recruits
849,52,recruits
849,63,requires
849,68,hasType
849,18,hasIntensity
849,5,hasForce
849,6,hasMechanic
849,7,supportsGoal
850,51,targets
850,29,recruits
850,10,recruits
850,2,requires
850,12,hasType
850,4,hasIntensity
850,26,hasForce
850,6,hasMechanic
850,14,supportsGoal
850,15,supportsGoal
851,45,targets
851,49,recruits
851,21,recruits
851,75,requires
851,42,hasType
851,4,hasIntensity
851,13,hasForce
851,6,hasMechanic
851,43,supportsGoal
852,1,targets
852,49,recruits
852,56,recruits
852,21,recruits
852,75,requires
852,42,hasType
852,4,hasIntensity
852,5,hasForce
852,6,hasMechanic
852,43,supportsGoal
853,1,targets
853,49,recruits
853,56,recruits
853,21,recruits
853,75,requires
853,42,hasType
853,4,hasIntensity
853,5,hasForce
853,6,hasMechanic
853,43,supportsGoal
854,1,targets
854,49,recruits
854,51,recruits
854,21,recruits
854,22,requires
854,3,hasType
854,18,hasIntensity
854,5,hasForce
854,19,hasMechanic
854,7,supportsGoal
854,8,supportsGoal
855,49,targets
855,21,recruits
855,45,recruits
855,22,requires
855,3,hasType
855,4,hasIntensity
855,13,hasForce
855,6,hasMechanic
855,7,supportsGoal
855,8,supportsGoal
856,1,targets
856,22,requires
856,3,hasType
856,4,hasIntensity
856,5,hasForce
856,19,hasMechanic
856,7,supportsGoal
856,8,supportsGoal
857,55,targets
857,35,recruits
857,56,recruits
857,22,requires
857,3,hasType
857,4,hasIntensity
857,5,hasForce
857,6,hasMechanic
857,7,supportsGoal
857,8,supportsGoal
858,33,targets
858,41,recruits
858,24,recruits
858,11,recruits
858,29,recruits
858,10,recruits
858,22,requires
858,3,hasType
858,18,hasIntensity
858,13,hasForce
858,6,hasMechanic
858,7,supportsGoal
858,8,supportsGoal
859,49,targets
859,36,recruits
859,21,recruits
859,45,recruits
859,22,requires
859,3,hasType
859,4,hasIntensity
859,13,hasForce
859,6,hasMechanic
859,7,supportsGoal
859,8,supportsGoal
860,55,targets
860,35,recruits
860,56,recruits
860,63,requires
860,3,hasType
860,4,hasIntensity
860,5,hasForce
860,6,hasMechanic
860,7,supportsGoal
860,8,supportsGoal
861,45,targets
861,49,recruits
861,21,recruits
861,37,requires
861,3,hasType
861,18,hasIntensity
861,13,hasForce
861,19,hasMechanic
861,7,supportsGoal
861,8,supportsGoal
862,10,targets
862,24,recruits
862,11,recruits
862,2,requires
862,12,hasType
862,4,hasIntensity
862,26,hasForce
862,14,supportsGoal
862,15,supportsGoal
863,41,targets
863,29,recruits
863,17,requires
863,3,hasType
863,4,hasIntensity
863,13,hasForce
863,19,hasMechanic
863,7,supportsGoal
863,8,supportsGoal
864,24,targets
864,29,recruits
864,10,recruits
864,17,requires
864,3,hasType
864,4,hasIntensity
864,5,hasForce
864,19,hasMechanic
864,7,supportsGoal
864,8,supportsGoal
865,33,targets
865,11,recruits
865,49,recruits
865,36,recruits
865,29,recruits
865,10,recruits
865,51,recruits
865,21,recruits
865,52,recruits
865,45,recruits
865,22,requires
865,68,hasType
865,18,hasIntensity
865,5,hasForce
865,6,hasMechanic
865,43,supportsGoal
865,7,supportsGoal
866,1,targets
866,2,requires
866,12,hasType
866,4,hasIntensity
866,5,hasForce
866,19,hasMechanic
866,14,supportsGoal
866,15,supportsGoal
867,1,targets
867,78,requires
867,12,hasType
867,4,hasIntensity
867,5,hasForce
867,14,supportsGoal
867,15,supportsGoal
868,33,targets
868,11,recruits
868,29,recruits
868,10,recruits
868,2,requires
868,132,hasType
868,4,hasIntensity
868,133,supportsGoal
868,134,supportsGoal
869,33,targets
869,29,recruits
869,10,recruits
869,22,requires
869,3,hasType
869,4,hasIntensity
869,5,hasForce
869,6,hasMechanic
869,7,supportsGoal
869,8,supportsGoal
870,45,targets
870,37,requires
870,3,hasType
870,4,hasIntensity
870,13,hasForce
870,19,hasMechanic
870,7,supportsGoal
870,8,supportsGoal
871,45,targets
871,21,recruits
871,2,requires
871,12,hasType
871,4,hasIntensity
871,26,hasForce
871,14,supportsGoal
871,15,supportsGoal
872,45,targets
872,46,requires
872,3,hasType
872,4,hasIntensity
872,13,hasForce
872,19,hasMechanic
872,7,supportsGoal
872,8,supportsGoal
873,45,targets
873,46,requires
873,3,hasType
873,4,hasIntensity
873,13,hasForce
873,19,hasMechanic
873,7,supportsGoal
873,8,supportsGoal
874,45,targets
874,46,requires
874,3,hasType
874,4,hasIntensity
874,13,hasForce
874,19,hasMechanic
874,7,supportsGoal
874,8,supportsGoal
875,45,targets
875,46,requires
875,3,hasType
875,4,hasIntensity
875,13,hasForce
875,19,hasMechanic
875,7,supportsGoal
875,8,supportsGoal
876,45,targets
876,56,recruits
876,2,requires
876,12,hasType
876,4,hasIntensity
876,26,hasForce
876,19,hasMechanic
876,14,supportsGoal
876,15,supportsGoal
877,1,targets
877,2,requires
877,3,hasType
877,4,hasIntensity
877,5,hasForce
877,19,hasMechanic
877,7,supportsGoal
877,8,supportsGoal
878,35,targets
878,37,requires
878,3,hasType
878,4,hasIntensity
878,5,hasForce
878,19,hasMechanic
878,7,supportsGoal
878,8,supportsGoal
879,21,targets
879,11,recruits
879,29,recruits
879,10,recruits
879,51,recruits
879,52,recruits
879,30,requires
879,3,hasType
879,18,hasIntensity
879,5,hasForce
879,6,hasMechanic
879,7,supportsGoal
879,8,supportsGoal
880,21,targets
880,11,recruits
880,33,recruits
880,45,recruits
880,30,requires
880,3,hasType
880,18,hasIntensity
880,13,hasForce
880,6,hasMechanic
880,7,supportsGoal
880,8,supportsGoal
881,21,targets
881,45,recruits
881,30,requires
881,3,hasType
881,18,hasIntensity
881,13,hasForce
881,6,hasMechanic
881,7,supportsGoal
881,8,supportsGoal
882,55,targets
882,35,recruits
882,56,recruits
882,30,requires
882,3,hasType
882,18,hasIntensity
882,5,hasForce
882,6,hasMechanic
882,7,supportsGoal
882,8,supportsGoal
883,56,targets
883,35,recruits
883,55,recruits
883,21,recruits
883,46,requires
883,3,hasType
883,4,hasIntensity
883,5,hasForce
883,6,hasMechanic
883,7,supportsGoal
883,8,supportsGoal
884,10,targets
884,51,recruits
884,55,recruits
884,2,requires
884,12,hasType
884,4,hasIntensity
884,26,hasForce
884,14,supportsGoal
884,15,supportsGoal
885,55,targets
885,2,requires
885,12,hasType
885,4,hasIntensity
885,26,hasForce
885,14,supportsGoal
885,15,supportsGoal
886,21,targets
886,52,recruits
886,63,requires
886,3,hasType
886,4,hasIntensity
886,5,hasForce
886,6,hasMechanic
886,7,supportsGoal
886,8,supportsGoal
887,52,targets
887,21,recruits
887,46,requires
887,3,hasType
887,18,hasIntensity
887,5,hasForce
887,6,hasMechanic
887,7,supportsGoal
887,8,supportsGoal
888,52,targets
888,21,recruits
888,72,requires
888,3,hasType
888,4,hasIntensity
888,5,hasForce
888,6,hasMechanic
888,7,supportsGoal
888,8,supportsGoal
889,21,targets
889,49,recruits
889,56,recruits
889,2,requires
889,12,hasType
889,4,hasIntensity
889,26,hasForce
889,14,supportsGoal
889,15,supportsGoal
890,56,targets
890,35,recruits
890,55,recruits
890,21,recruits
890,46,requires
890,3,hasType
890,18,hasIntensity
890,5,hasForce
890,6,hasMechanic
890,7,supportsGoal
890,8,supportsGoal
891,56,targets
891,35,recruits
891,55,recruits
891,21,recruits
891,2,requires
891,3,hasType
891,4,hasIntensity
891,5,hasForce
891,6,hasMechanic
891,7,supportsGoal
891,8,supportsGoal
892,10,targets
892,29,recruits
892,33,recruits
892,21,recruits
892,37,requires
892,42,hasType
892,4,hasIntensity
892,5,hasForce
892,6,hasMechanic
892,43,supportsGoal
893,33,targets
893,11,recruits
893,29,recruits
893,10,recruits
893,17,requires
893,132,hasType
893,4,hasIntensity
893,133,supportsGoal
893,134,supportsGoal
894,51,targets
894,29,recruits
894,10,recruits
894,55,recruits
894,78,requires
894,3,hasType
894,18,hasIntensity
894,5,hasForce
894,6,hasMechanic
894,7,supportsGoal
894,8,supportsGoal
895,1,targets
895,78,requires
895,3,hasType
895,18,hasIntensity
895,5,hasForce
895,19,hasMechanic
895,7,supportsGoal
895,8,supportsGoal
896,45,targets
896,49,recruits
896,21,recruits
896,22,requires
896,3,hasType
896,18,hasIntensity
896,13,hasForce
896,6,hasMechanic
896,7,supportsGoal
896,8,supportsGoal
897,1,targets
897,75,requires
897,3,hasType
897,4,hasIntensity
897,5,hasForce
897,19,hasMechanic
897,7,supportsGoal
897,8,supportsGoal
898,33,targets
898,11,recruits
898,29,recruits
898,10,recruits
898,51,recruits
898,63,requires
898,3,hasType
898,18,hasIntensity
898,13,hasForce
898,6,hasMechanic
898,7,supportsGoal
898,8,supportsGoal
899,56,targets
899,35,recruits
899,55,recruits
899,22,requires
899,3,hasType
899,18,hasIntensity
899,5,hasForce
899,6,hasMechanic
899,7,supportsGoal
899,8,supportsGoal
900,33,targets
900,11,recruits
900,29,recruits
900,10,recruits
900,63,requires
900,3,hasType
900,58,hasIntensity
900,13,hasForce
900,6,hasMechanic
900,7,supportsGoal
900,8,supportsGoal
901,1,targets
901,22,requires
901,3,hasType
901,18,hasIntensity
901,5,hasForce
901,19,hasMechanic
901,7,supportsGoal
901,8,supportsGoal
902,33,targets
902,11,recruits
902,29,recruits
902,10,recruits
902,22,requires
902,3,hasType
902,18,hasIntensity
902,13,hasForce
902,6,hasMechanic
902,7,supportsGoal
902,8,supportsGoal
903,49,targets
903,21,recruits
903,45,recruits
903,63,requires
903,3,hasType
903,18,hasIntensity
903,13,hasForce
903,6,hasMechanic
903,7,supportsGoal
903,8,supportsGoal
904,49,targets
904,21,recruits
904,45,recruits
904,63,requires
904,3,hasType
904,18,hasIntensity
904,13,hasForce
904,6,hasMechanic
904,7,supportsGoal
904,8,supportsGoal
905,49,targets
905,21,recruits
905,45,recruits
905,63,requires
905,3,hasType
905,18,hasIntensity
905,5,hasForce
905,6,hasMechanic
905,7,supportsGoal
905,8,supportsGoal
906,56,targets
906,35,recruits
906,55,recruits
906,21,recruits
906,46,requires
906,3,hasType
906,4,hasIntensity
906,5,hasForce
906,6,hasMechanic
906,7,supportsGoal
906,8,supportsGoal
907,56,targets
907,35,recruits
907,55,recruits
907,21,recruits
907,46,requires
907,3,hasType
907,18,hasIntensity
907,5,hasForce
907,6,hasMechanic
907,7,supportsGoal
907,8,supportsGoal
908,56,targets
908,35,recruits
908,55,recruits
908,21,recruits
908,2,requires
908,3,hasType
908,18,hasIntensity
908,5,hasForce
908,6,hasMechanic
908,7,supportsGoal
908,8,supportsGoal
909,35,targets
909,63,requires
909,3,hasType
909,4,hasIntensity
909,5,hasForce
909,19,hasMechanic
909,7,supportsGoal
909,8,supportsGoal
910,33,targets
910,11,recruits
910,29,recruits
910,10,recruits
910,51,recruits
910,63,requires
910,3,hasType
910,18,hasIntensity
910,13,hasForce
910,6,hasMechanic
910,7,supportsGoal
910,8,supportsGoal
911,10,targets
911,24,recruits
911,29,recruits
911,51,recruits
911,63,requires
911,68,hasType
911,18,hasIntensity
911,5,hasForce
911,6,hasMechanic
911,43,supportsGoal
911,7,supportsGoal
912,1,targets
912,2,requires
912,3,hasType
912,4,hasIntensity
912,5,hasForce
912,6,hasMechanic
912,7,supportsGoal
912,8,supportsGoal
913,41,targets
913,29,recruits
913,10,recruits
913,51,recruits
913,2,requires
913,12,hasType
913,18,hasIntensity
913,5,hasForce
913,14,supportsGoal
913,15,supportsGoal
914,10,targets
914,11,recruits
914,29,recruits
914,33,recruits
914,2,requires
914,12,hasType
914,18,hasIntensity
914,26,hasForce
914,14,supportsGoal
914,15,supportsGoal
915,36,targets
915,2,requires
915,12,hasType
915,4,hasIntensity
915,5,hasForce
915,19,hasMechanic
915,14,supportsGoal
915,15,supportsGoal
916,36,targets
916,21,recruits
916,22,requires
916,3,hasType
916,4,hasIntensity
916,5,hasForce
916,19,hasMechanic
916,7,supportsGoal
916,8,supportsGoal
917,36,targets
917,63,requires
917,3,hasType
917,4,hasIntensity
917,5,hasForce
917,19,hasMechanic
917,7,supportsGoal
917,8,supportsGoal
918,33,targets
918,1,recruits
918,41,recruits
918,24,recruits
918,11,recruits
918,29,recruits
918,10,recruits
918,51,recruits
918,22,requires
918,68,hasType
918,18,hasIntensity
918,6,hasMechanic
918,43,supportsGoal
918,7,supportsGoal
919,33,targets
919,11,recruits
919,29,recruits
919,10,recruits
919,63,requires
919,3,hasType
919,58,hasIntensity
919,13,hasForce
919,6,hasMechanic
919,7,supportsGoal
919,8,supportsGoal
920,35,targets
920,36,recruits
920,37,requires
920,3,hasType
920,18,hasIntensity
920,5,hasForce
920,19,hasMechanic
920,7,supportsGoal
920,8,supportsGoal
921,35,targets
921,36,recruits
921,37,requires
921,3,hasType
921,18,hasIntensity
921,5,hasForce
921,19,hasMechanic
921,7,supportsGoal
921,8,supportsGoal
246,270,isVariationOf
247,275,isVariationOf
252,636,isVariationOf
386,157,isVariationOf
390,275,isVariationOf
393,357,isVariationOf
400,609,isVariationOf
39,301,isVariationOf
88,301,isVariationOf
389,301,isVariationOf
484,301,isVariationOf
633,301,isVariationOf
635,301,isVariationOf
679,301,isVariationOf
804,301,isVariationOf
822,301,isVariationOf
44,178,isVariationOf
102,178,isVariationOf
283,178,isVariationOf
292,178,isVariationOf
675,178,isVariationOf
706,178,isVariationOf
274,324,isVariationOf
558,324,isVariationOf
363,362,isVariationOf
53,683,isVariationOf
428,683,isVariationOf
789,683,isVariationOf
803,683,isVariationOf
54,743,isVariationOf
276,743,isVariationOf
531,743,isVariationOf
542,743,isVariationOf
80,351,isVariationOf
86,85,isVariationOf
87,504,isVariationOf
96,504,isVariationOf
117,504,isVariationOf
243,504,isVariationOf
246,504,isVariationOf
270,504,isVariationOf
556,504,isVariationOf
747,504,isVariationOf
754,504,isVariationOf
630,90,isVariationOf
94,356,isVariationOf
97,707,isVariationOf
277,707,isVariationOf
101,676,isVariationOf
749,676,isVariationOf
790,676,isVariationOf
802,676,isVariationOf
293,103,isVariationOf
294,105,isVariationOf
142,107,isVariationOf
295,107,isVariationOf
497,107,isVariationOf
760,107,isVariationOf
902,107,isVariationOf
296,108,isVariationOf
297,109,isVariationOf
143,110,isVariationOf
642,637,isVariationOf
629,149,isVariationOf
797,157,isVariationOf
722,158,isVariationOf
172,159,isVariationOf
176,159,isVariationOf
235,159,isVariationOf
236,159,isVariationOf
245,159,isVariationOf
252,159,isVariationOf
636,159,isVariationOf
161,357,isVariationOf
164,508,isVariationOf
168,508,isVariationOf
248,508,isVariationOf
249,508,isVariationOf
284,508,isVariationOf
384,508,isVariationOf
806,508,isVariationOf
824,508,isVariationOf
490,169,isVariationOf
170,602,isVariationOf
557,602,isVariationOf
454,177,isVariationOf
498,177,isVariationOf
534,177,isVariationOf
185,800,isVariationOf
759,800,isVariationOf
273,211,isVariationOf
535,211,isVariationOf
536,215,isVariationOf
897,237,isVariationOf
395,251,isVariationOf
724,251,isVariationOf
269,505,isVariationOf
272,505,isVariationOf
279,281,isVariationOf
762,888,isVariationOf
807,888,isVariationOf
684,320,isVariationOf
365,364,isVariationOf
680,394,isVariationOf
409,410,isVariationOf
758,427,isVariationOf
755,460,isVariationOf
687,493,isVariationOf
689,494,isVariationOf
701,503,isVariationOf
634,506,isVariationOf
527,526,isVariationOf
541,613,isVariationOf
614,613,isVariationOf
549,566,isVariationOf
697,572,isVariationOf
632,847,isVariationOf
830,655,isVariationOf
668,820,isVariationOf
792,670,isVariationOf
793,672,isVariationOf
694,681,isVariationOf
695,682,isVariationOf
811,690,isVariationOf
816,692,isVariationOf
700,713,isVariationOf
874,873,isVariationOf
875,873,isVariationOf
