node_id,name,type,attrs_json
0,3/4 Sit-Up,Exercise,"{""source_id"": ""3_4_Sit-Up"", ""force"": ""pull"", ""mechanic"": ""compound"", ""level"": ""beginner"", ""curated"": false}"
1,Abdominals,MuscleGroup,{}
2,Body Only,Equipment,{}
3,Strength,ExerciseType,{}
4,Low,IntensityLevel,{}
5,Pull,ForceType,{}
6,Compound,MechanicType,{}
7,Strength,ExerciseGoal,{}
8,Hypertrophy,ExerciseGoal,{}
9,90/90 Hamstring,Exercise,"{""source_id"": ""90_90_Hamstring"", ""force"": ""push"", ""mechanic"": null, ""level"": ""beginner"", ""curated"": false}"
10,Hamstrings,MuscleGroup,{}
11,Calves,MuscleGroup,{}
12,Flexibility,ExerciseType,{}
13,Push,ForceType,{}
14,Mobility,ExerciseGoal,{}
15,Rehab,ExerciseGoal,{}
16,Ab Crunch Machine,Exercise,"{""source_id"": ""Ab_Crunch_Machine"", ""force"": ""pull"", ""mechanic"": ""isolation"", ""level"": ""intermediate"", ""curated"": false}"
17,Machine,Equipment,{}
18,Moderate,IntensityLevel,{}
19,Isolation,MechanicType,{}
20,Ab Roller,Exercise,"{""source_id"": ""Ab_Roller"", ""force"": ""pull"", ""mechanic"": ""compound"", ""level"": ""intermediate"", ""curated"": false}"
21,Shoulders,MuscleGroup,{}
22,Other,Equipment,{}
23,Adductor,Exercise,"{""source_id"": ""Adductor"", ""force"": ""static"", ""mechanic"": ""isolation"", ""level"": ""intermediate"", ""curated"": false}"
24,Adductors,MuscleGroup,{}
25,Foam Roll,Equipment,{}
26,Static,ForceType,{}
27,Adductor/Groin,Exercise,"{""source_id"": ""Adductor_Groin"", ""force"": ""static"", ""mechanic"": null, ""level"": ""intermediate"", ""curated"": false}"
28,Advanced Kettlebell Windmill,Exercise,"{""source_id"": ""Advanced_Kettlebell_Windmill"", ""force"": ""push"", ""mechanic"": ""isolation"", ""level"": ""intermediate"", ""curated"": false}"
29,Glutes,MuscleGroup,{}
30,Kettlebells,Equipment,{}
31,Air Bike,Exercise,"{""source_id"": ""Air_Bike"", ""force"": ""pull"", ""mechanic"": ""compound"", ""level"": ""beginner"", ""curated"": false}"
32,All Fours Quad Stretch,Exercise,"{""source_id"": ""All_Fours_Quad_Stretch"", ""force"": ""static"", ""mechanic"": null, ""level"": ""intermediate"", ""curated"": false}"
33,Quadriceps,MuscleGroup,{}
34,Alternate Hammer Curl,Exercise,"{""source_id"": ""Alternate_Hammer_Curl"", ""force"": ""pull"", ""mechanic"": ""isolation"", ""level"": ""beginner"", ""curated"": false}"
35,Biceps,MuscleGroup,{}
36,Forearms,MuscleGroup,{}
37,Dumbbell,Equipment,{}
38,Alternate Heel Touchers,Exercise,"{""source_id"": ""Alternate_Heel_Touchers"", ""force"": ""pull"", ""mechanic"": ""isolation"", ""level"": ""beginner"", ""curated"": false}"
39,Alternate Incline Dumbbell Curl,Exercise,"{""source_id"": ""Alternate_Incline_Dumbbell_Curl"", ""force"": ""pull"", ""mechanic"": ""isolation"", ""level"": ""beginner"", ""curated"": false}"
40,Alternate Leg Diagonal Bound,Exercise,"{""source_id"": ""Alternate_Leg_Diagonal_Bound"", ""force"": ""push"", ""mechanic"": ""compound"", ""level"": ""beginner"", ""curated"": false}"
41,Abductors,MuscleGroup,{}
42,Plyometrics,ExerciseType,{}
43,Power,ExerciseGoal,{}
44,Alternating Cable Shoulder Press,Exercise,"{""source_id"": ""Alternating_Cable_Shoulder_Press"", ""force"": ""push"", ""mechanic"": ""compound"", ""level"": ""beginner"", ""curated"": false}"
45,Triceps,MuscleGroup,{}
46,Cable,Equipment,{}
47,Alternating Deltoid Raise,Exercise,"{""source_id"": ""Alternating_Deltoid_Raise"", ""force"": ""push"", ""mechanic"": ""isolation"", ""level"": ""beginner"", ""curated"": false}"
48,Alternating Floor Press,Exercise,"{""source_id"": ""Alternating_Floor_Press"", ""force"": ""push"", ""mechanic"": ""compound"", ""level"": ""beginner"", ""curated"": false}"
49,Chest,MuscleGroup,{}
50,Alternating Hang Clean,Exercise,"{""source_id"": ""Alternating_Hang_Clean"", ""force"": ""pull"", ""mechanic"": ""compound"", ""level"": ""intermediate"", ""curated"": false}"
51,Lower Back,MuscleGroup,{}
52,Traps,MuscleGroup,{}
53,Alternating Kettlebell Press,Exercise,"{""source_id"": ""Alternating_Kettlebell_Press"", ""force"": ""push"", ""mechanic"": ""compound"", ""level"": ""intermediate"", ""curated"": false}"
54,Alternating Kettlebell Row,Exercise,"{""source_id"": ""Alternating_Kettlebell_Row"", ""force"": ""pull"", ""mechanic"": ""isolation"", ""level"": ""intermediate"", ""curated"": false}"
55,Middle Back,MuscleGroup,{}
56,Lats,MuscleGroup,{}
57,Alternating Renegade Row,Exercise,"{""source_id"": ""Alternating_Renegade_Row"", ""force"": ""pull"", ""mechanic"": ""compound"", ""level"": ""expert"", ""curated"": false}"
58,High,IntensityLevel,{}
59,Ankle Circles,Exercise,"{""source_id"": ""Ankle_Circles"", ""force"": ""pull"", ""mechanic"": ""isolation"", ""level"": ""beginner"", ""curated"": false}"
60,Ankle On The Knee,Exercise,"{""source_id"": ""Ankle_On_The_Knee"", ""force"": ""static"", ""mechanic"": null, ""level"": ""beginner"", ""curated"": false}"
61,Anterior Tibialis-SMR,Exercise,"{""source_id"": ""Anterior_Tibialis-SMR"", ""force"": ""static"", ""mechanic"": null, ""level"": ""intermediate"", ""curated"": false}"
62,Anti-Gravity Press,Exercise,"{""source_id"": ""Anti-Gravity_Press"", ""force"": ""push"", ""mechanic"": ""compound"", ""level"": ""beginner"", ""curated"": false}"
63,Barbell,Equipment,{}
64,Arm Circles,Exercise,"{""source_id"": ""Arm_Circles"", ""force"": ""push"", ""mechanic"": ""isolation"", ""level"": ""beginner"", ""curated"": false}"
65,Arnold Dumbbell Press,Exercise,"{""source_id"": ""Arnold_Dumbbell_Press"", ""force"": ""push"", ""mechanic"": ""compound"", ""level"": ""intermediate"", ""curated"": false}"
66,Around The Worlds,Exercise,"{""source_id"": ""Around_The_Worlds"", ""force"": ""push"", ""mechanic"": ""compound"", ""level"": ""intermediate"", ""curated"": false}"
67,Atlas Stone Trainer,Exercise,"{""source_id"": ""Atlas_Stone_Trainer"", ""force"": ""pull"", ""mechanic"": ""compound"", ""level"": ""intermediate"", ""curated"": false}"
68,Power,ExerciseType,{}
69,Atlas Stones,Exercise,"{""source_id"": ""Atlas_Stones"", ""force"": ""pull"", ""mechanic"": ""compound"", ""level"": ""expert"", ""curated"": false}"
70,Axle Deadlift,Exercise,"{""source_id"": ""Axle_Deadlift"", ""force"": ""pull"", ""mechanic"": ""compound"", ""level"": ""intermediate"", ""curated"": false}"
71,Back Flyes - With Bands,Exercise,"{""source_id"": ""Back_Flyes_-_With_Bands"", ""force"": ""pull"", ""mechanic"": ""compound"", ""level"": ""beginner"", ""curated"": false}"
72,Bands,Equipment,{}
73,Backward Drag,Exercise,"{""source_id"": ""Backward_Drag"", ""force"": ""pull"", ""mechanic"": ""compound"", ""level"": ""beginner"", ""curated"": false}"
74,Backward Medicine Ball Throw,Exercise,"{""source_id"": ""Backward_Medicine_Ball_Throw"", ""force"": ""push"", ""mechanic"": ""compound"", ""level"": ""beginner"", ""curated"": false}"
75,Medicine Ball,Equipment,{}
76,Balance Board,Exercise,"{""source_id"": ""Balance_Board"", ""force"": null, ""mechanic"": ""compound"", ""level"": ""beginner"", ""curated"": false}"
77,Ball Leg Curl,Exercise,"{""source_id"": ""Ball_Leg_Curl"", ""force"": ""pull"", ""mechanic"": ""isolation"", ""level"": ""beginner"", ""curated"": false}"
78,Exercise Ball,Equipment,{}
79,Band Assisted Pull-Up,Exercise,"{""source_id"": ""Band_Assisted_Pull-Up"", ""force"": null, ""mechanic"": ""compound"", ""level"": ""beginner"", ""curated"": false}"
80,Band Good Morning,Exercise,"{""source_id"": ""Band_Good_Morning"", ""force"": ""pull"", ""mechanic"": ""compound"", ""level"": ""beginner"", ""curated"": false}"
81,Band Good Morning (Pull Through),Exercise,"{""source_id"": ""Band_Good_Morning_Pull_Through"", ""force"": ""pull"", ""mechanic"": ""compound"", ""level"": ""beginner"", ""curated"": false}"
82,Band Hip Adductions,Exercise,"{""source_id"": ""Band_Hip_Adductions"", ""force"": ""pull"", ""mechanic"": ""isolation"", ""level"": ""beginner"", ""curated"": false}"
83,Band Pull Apart,Exercise,"{""source_id"": ""Band_Pull_Apart"", ""force"": ""pull"", ""mechanic"": ""isolation"", ""level"": ""beginner"", ""curated"": false}"
84,Band Skull Crusher,Exercise,"{""source_id"": ""Band_Skull_Crusher"", ""force"": ""push"", ""mechanic"": ""isolation"", ""level"": ""beginner"", ""curated"": false}"
85,Barbell Ab Rollout,Exercise,"{""source_id"": ""Barbell_Ab_Rollout"", ""force"": ""pull"", ""mechanic"": ""compound"", ""level"": ""intermediate"", ""curated"": false}"
86,Barbell Ab Rollout - On Knees,Exercise,"{""source_id"": ""Barbell_Ab_Rollout_-_On_Knees"", ""force"": ""pull"", ""mechanic"": ""compound"", ""level"": ""expert"", ""curated"": false}"
87,Barbell Bench Press - Medium Grip,Exercise,"{""source_id"": ""Barbell_Bench_Press_-_Medium_Grip"", ""force"": ""push"", ""mechanic"": ""compound"", ""level"": ""beginner"", ""curated"": false}"
88,Barbell Curl,Exercise,"{""source_id"": ""Barbell_Curl"", ""force"": ""pull"", ""mechanic"": ""isolation"", ""level"": ""beginner"", ""curated"": false}"
89,Barbell Curls Lying Against An Incline,Exercise,"{""source_id"": ""Barbell_Curls_Lying_Against_An_Incline"", ""force"": ""pull"", ""mechanic"": ""isolation"", ""level"": ""beginner"", ""curated"": false}"
90,Barbell Deadlift,Exercise,"{""source_id"": ""Barbell_Deadlift"", ""force"": ""pull"", ""mechanic"": ""compound"", ""level"": ""intermediate"", ""curated"": false}"
91,Barbell Full Squat,Exercise,"{""source_id"": ""Barbell_Full_Squat"", ""force"": ""push"", ""mechanic"": ""compound"", ""level"": ""intermediate"", ""curated"": false}"
92,Barbell Glute Bridge,Exercise,"{""source_id"": ""Barbell_Glute_Bridge"", ""force"": ""push"", ""mechanic"": ""compound"", ""level"": ""intermediate"", ""curated"": false}"
93,Barbell Guillotine Bench Press,Exercise,"{""source_id"": ""Barbell_Guillotine_Bench_Press"", ""force"": ""push"", ""mechanic"": ""compound"", ""level"": ""intermediate"", ""curated"": false}"
94,Barbell Hack Squat,Exercise,"{""source_id"": ""Barbell_Hack_Squat"", ""force"": ""push"", ""mechanic"": ""compound"", ""level"": ""intermediate"", ""curated"": false}"
95,Barbell Hip Thrust,Exercise,"{""source_id"": ""Barbell_Hip_Thrust"", ""force"": ""push"", ""mechanic"": ""compound"", ""level"": ""intermediate"", ""curated"": false}"
96,Barbell Incline Bench Press - Medium Grip,Exercise,"{""source_id"": ""Barbell_Incline_Bench_Press_-_Medium_Grip"", ""force"": ""push"", ""mechanic"": ""compound"", ""level"": ""beginner"", ""curated"": false}"
97,Barbell Incline Shoulder Raise,Exercise,"{""source_id"": ""Barbell_Incline_Shoulder_Raise"", ""force"": ""push"", ""mechanic"": ""compound"", ""level"": ""beginner"", ""curated"": false}"
98,Barbell Lunge,Exercise,"{""source_id"": ""Barbell_Lunge"", ""force"": ""push"", ""mechanic"": ""compound"", ""level"": ""intermediate"", ""curated"": false}"
99,Barbell Rear Delt Row,Exercise,"{""source_id"": ""Barbell_Rear_Delt_Row"", ""force"": ""pull"", ""mechanic"": ""compound"", ""level"": ""beginner"", ""curated"": false}"
100,Barbell Rollout from Bench,Exercise,"{""source_id"": ""Barbell_Rollout_from_Bench"", ""force"": ""pull"", ""mechanic"": ""compound"", ""level"": ""intermediate"", ""curated"": false}"
101,Barbell Seated Calf Raise,Exercise,"{""source_id"": ""Barbell_Seated_Calf_Raise"", ""force"": ""push"", ""mechanic"": ""isolation"", ""level"": ""beginner"", ""curated"": false}"
102,Barbell Shoulder Press,Exercise,"{""source_id"": ""Barbell_Shoulder_Press"", ""force"": ""push"", ""mechanic"": ""compound"", ""level"": ""intermediate"", ""curated"": false}"
103,Barbell Shrug,Exercise,"{""source_id"": ""Barbell_Shrug"", ""force"": ""pull"", ""mechanic"": ""isolation"", ""level"": ""beginner"", ""curated"": false}"
104,Barbell Shrug Behind The Back,Exercise,"{""source_id"": ""Barbell_Shrug_Behind_The_Back"", ""force"": ""pull"", ""mechanic"": ""isolation"", ""level"": ""beginner"", ""curated"": false}"
105,Barbell Side Bend,Exercise,"{""source_id"": ""Barbell_Side_Bend"", ""force"": ""pull"", ""mechanic"": ""isolation"", ""level"": ""beginner"", ""curated"": false}"
106,Barbell Side Split Squat,Exercise,"{""source_id"": ""Barbell_Side_Split_Squat"", ""force"": ""push"", ""mechanic"": ""compound"", ""level"": ""beginner"", ""curated"": false}"
107,Barbell Squat,Exercise,"{""source_id"": ""Barbell_Squat"", ""force"": ""push"", ""mechanic"": ""compound"", ""level"": ""beginner"", ""curated"": false}"
108,Barbell Squat To A Bench,Exercise,"{""source_id"": ""Barbell_Squat_To_A_Bench"", ""force"": ""push"", ""mechanic"": ""compound"", ""level"": ""expert"", ""curated"": false}"
109,Barbell Step Ups,Exercise,"{""source_id"": ""Barbell_Step_Ups"", ""force"": ""push"", ""mechanic"": ""compound"", ""level"": ""intermediate"", ""curated"": false}"
110,Barbell Walking Lunge,Exercise,"{""source_id"": ""Barbell_Walking_Lunge"", ""force"": ""push"", ""mechanic"": ""compound"", ""level"": ""beginner"", ""curated"": false}"
111,Battling Ropes,Exercise,"{""source_id"": ""Battling_Ropes"", ""force"": ""push"", ""mechanic"": ""compound"", ""level"": ""beginner"", ""curated"": false}"
112,Bear Crawl Sled Drags,Exercise,"{""source_id"": ""Bear_Crawl_Sled_Drags"", ""force"": ""push"", ""mechanic"": ""compound"", ""level"": ""beginner"", ""curated"": false}"
113,Behind Head Chest Stretch,Exercise,"{""source_id"": ""Behind_Head_Chest_Stretch"", ""force"": ""static"", ""mechanic"": ""isolation"", ""level"": ""expert"", ""curated"": false}"
114,Bench Dips,Exercise,"{""source_id"": ""Bench_Dips"", ""force"": ""push"", ""mechanic"": ""compound"", ""level"": ""beginner"", ""curated"": false}"
115,Bench Jump,Exercise,"{""source_id"": ""Bench_Jump"", ""force"": ""push"", ""mechanic"": ""compound"", ""level"": ""intermediate"", ""curated"": false}"
116,Bench Press - Powerlifting,Exercise,"{""source_id"": ""Bench_Press_-_Powerlifting"", ""force"": ""push"", ""mechanic"": ""compound"", ""level"": ""intermediate"", ""curated"": false}"
117,Bench Press - With Bands,Exercise,"{""source_id"": ""Bench_Press_-_With_Bands"", ""force"": ""push"", ""mechanic"": ""compound"", ""level"": ""beginner"", ""curated"": false}"
118,Bench Press with Chains,Exercise,"{""source_id"": ""Bench_Press_with_Chains"", ""force"": ""push"", ""mechanic"": ""compound"", ""level"": ""expert"", ""curated"": false}"
119,Bench Sprint,Exercise,"{""source_id"": ""Bench_Sprint"", ""force"": ""push"", ""mechanic"": ""compound"", ""level"": ""beginner"", ""curated"": false}"
120,Bent-Arm Barbell Pullover,Exercise,"{""source_id"": ""Bent-Arm_Barbell_Pullover"", ""force"": ""pull"", ""mechanic"": ""compound"", ""level"": ""intermediate"", ""curated"": false}"
121,Bent-Arm Dumbbell Pullover,Exercise,"{""source_id"": ""Bent-Arm_Dumbbell_Pullover"", ""force"": ""push"", ""mechanic"": ""compound"", ""level"": ""intermediate"", ""curated"": false}"
122,Bent-Knee Hip Raise,Exercise,"{""source_id"": ""Bent-Knee_Hip_Raise"", ""force"": ""pull"", ""mechanic"": ""compound"", ""level"": ""beginner"", ""curated"": false}"
123,Bent Over Barbell Row,Exercise,"{""source_id"": ""Bent_Over_Barbell_Row"", ""force"": ""pull"", ""mechanic"": ""compound"", ""level"": ""beginner"", ""curated"": false}"
124,Bent Over Dumbbell Rear Delt Raise With Head On Bench,Exercise,"{""source_id"": ""Bent_Over_Dumbbell_Rear_Delt_Raise_With_Head_On_Bench"", ""force"": ""pull"", ""mechanic"": ""isolation"", ""level"": ""beginner"", ""curated"": false}"
125,Bent Over Low-Pulley Side Lateral,Exercise,"{""source_id"": ""Bent_Over_Low-Pulley_Side_Lateral"", ""force"": ""pull"", ""mechanic"": ""isolation"", ""level"": ""beginner"", ""curated"": false}"
126,Bent Over One-Arm Long Bar Row,Exercise,"{""source_id"": ""Bent_Over_One-Arm_Long_Bar_Row"", ""force"": ""pull"", ""mechanic"": ""compound"", ""level"": ""beginner"", ""curated"": false}"
127,Bent Over Two-Arm Long Bar Row,Exercise,"{""source_id"": ""Bent_Over_Two-Arm_Long_Bar_Row"", ""force"": ""pull"", ""mechanic"": ""compound"", ""level"": ""intermediate"", ""curated"": false}"
128,Bent Over Two-Dumbbell Row,Exercise,"{""source_id"": ""Bent_Over_Two-Dumbbell_Row"", ""force"": ""pull"", ""mechanic"": ""compound"", ""level"": ""beginner"", ""curated"": false}"
129,Bent Over Two-Dumbbell Row With Palms In,Exercise,"{""source_id"": ""Bent_Over_Two-Dumbbell_Row_With_Palms_In"", ""force"": ""pull"", ""mechanic"": ""compound"", ""level"": ""beginner"", ""curated"": false}"
130,Bent Press,Exercise,"{""source_id"": ""Bent_Press"", ""force"": ""pull"", ""mechanic"": ""compound"", ""level"": ""expert"", ""curated"": false}"
131,Bicycling,Exercise,"{""source_id"": ""Bicycling"", ""force"": null, ""mechanic"": null, ""level"": ""beginner"", ""curated"": false}"
132,Cardio,ExerciseType,{}
133,Endurance,ExerciseGoal,{}
134,Fat Loss,ExerciseGoal,{}
135,"Bicycling, Stationary",Exercise,"{""source_id"": ""Bicycling_Stationary"", ""force"": null, ""mechanic"": null, ""level"": ""beginner"", ""curated"": false}"
136,Board Press,Exercise,"{""source_id"": ""Board_Press"", ""force"": ""push"", ""mechanic"": ""compound"", ""level"": ""intermediate"", ""curated"": false}"
137,Body-Up,Exercise,"{""source_id"": ""Body-Up"", ""force"": ""push"", ""mechanic"": ""isolation"", ""level"": ""intermediate"", ""curated"": false}"
138,Body Tricep Press,Exercise,"{""source_id"": ""Body_Tricep_Press"", ""force"": ""push"", ""mechanic"": ""isolation"", ""level"": ""beginner"", ""curated"": false}"
139,Bodyweight Flyes,Exercise,"{""source_id"": ""Bodyweight_Flyes"", ""force"": ""push"", ""mechanic"": ""isolation"", ""level"": ""intermediate"", ""curated"": false}"
140,E-Z Curl Bar,Equipment,{}
141,Bodyweight Mid Row,Exercise,"{""source_id"": ""Bodyweight_Mid_Row"", ""force"": ""pull"", ""mechanic"": ""compound"", ""level"": ""intermediate"", ""curated"": false}"
142,Bodyweight Squat,Exercise,"{""source_id"": ""Bodyweight_Squat"", ""force"": ""push"", ""mechanic"": ""compound"", ""level"": ""beginner"", ""curated"": false}"
143,Bodyweight Walking Lunge,Exercise,"{""source_id"": ""Bodyweight_Walking_Lunge"", ""force"": ""push"", ""mechanic"": ""compound"", ""level"": ""beginner"", ""curated"": false}"
144,Bosu Ball Cable Crunch With Side Bends,Exercise,"{""source_id"": ""Bosu_Ball_Cable_Crunch_With_Side_Bends"", ""force"": ""pull"", ""mechanic"": ""isolation"", ""level"": ""beginner"", ""curated"": false}"
145,Bottoms-Up Clean From The Hang Position,Exercise,"{""source_id"": ""Bottoms-Up_Clean_From_The_Hang_Position"", ""force"": ""pull"", ""mechanic"": ""compound"", ""level"": ""intermediate"", ""curated"": false}"
146,Bottoms Up,Exercise,"{""source_id"": ""Bottoms_Up"", ""force"": ""pull"", ""mechanic"": ""compound"", ""level"": ""beginner"", ""curated"": false}"
147,Box Jump (Multiple Response),Exercise,"{""source_id"": ""Box_Jump_Multiple_Response"", ""force"": ""push"", ""mechanic"": ""compound"", ""level"": ""beginner"", ""curated"": false}"
148,Box Skip,Exercise,"{""source_id"": ""Box_Skip"", ""force"": ""push"", ""mechanic"": ""compound"", ""level"": ""beginner"", ""curated"": false}"
149,Box Squat,Exercise,"{""source_id"": ""Box_Squat"", ""force"": ""push"", ""mechanic"": ""compound"", ""level"": ""intermediate"", ""curated"": false}"
150,Box Squat with Bands,Exercise,"{""source_id"": ""Box_Squat_with_Bands"", ""force"": ""push"", ""mechanic"": ""compound"", ""level"": ""expert"", ""curated"": false}"
151,Box Squat with Chains,Exercise,"{""source_id"": ""Box_Squat_with_Chains"", ""force"": ""push"", ""mechanic"": ""compound"", ""level"": ""expert"", ""curated"": false}"
152,Brachialis-SMR,Exercise,"{""source_id"": ""Brachialis-SMR"", ""force"": ""static"", ""mechanic"": null, ""level"": ""intermediate"", ""curated"": false}"
153,Bradford/Rocky Presses,Exercise,"{""source_id"": ""Bradford_Rocky_Presses"", ""force"": ""push"", ""mechanic"": ""compound"", ""level"": ""beginner"", ""curated"": false}"
154,Butt-Ups,Exercise,"{""source_id"": ""Butt-Ups"", ""force"": ""pull"", ""mechanic"": ""compound"", ""level"": ""beginner"", ""curated"": false}"
155,Butt Lift (Bridge),Exercise,"{""source_id"": ""Butt_Lift_Bridge"", ""force"": ""push"", ""mechanic"": ""isolation"", ""level"": ""beginner"", ""curated"": false}"
156,Butterfly,Exercise,"{""source_id"": ""Butterfly"", ""force"": ""pull"", ""mechanic"": ""isolation"", ""level"": ""beginner"", ""curated"": false}"
157,Cable Chest Press,Exercise,"{""source_id"": ""Cable_Chest_Press"", ""force"": ""push"", ""mechanic"": ""compound"", ""level"": ""beginner"", ""curated"": false}"
158,Cable Crossover,Exercise,"{""source_id"": ""Cable_Crossover"", ""force"": ""push"", ""mechanic"": ""isolation"", ""level"": ""beginner"", ""curated"": false}"
159,Cable Crunch,Exercise,"{""source_id"": ""Cable_Crunch"", ""force"": ""pull"", ""mechanic"": ""isolation"", ""level"": ""beginner"", ""curated"": false}"
160,Cable Deadlifts,Exercise,"{""source_id"": ""Cable_Deadlifts"", ""force"": ""pull"", ""mechanic"": ""compound"", ""level"": ""beginner"", ""curated"": false}"
161,Cable Hammer Curls - Rope Attachment,Exercise,"{""source_id"": ""Cable_Hammer_Curls_-_Rope_Attachment"", ""force"": ""pull"", ""mechanic"": ""isolation"", ""level"": ""beginner"", ""curated"": false}"
162,Cable Hip Adduction,Exercise,"{""source_id"": ""Cable_Hip_Adduction"", ""force"": ""pull"", ""mechanic"": ""isolation"", ""level"": ""beginner"", ""curated"": false}"
163,Cable Incline Pushdown,Exercise,"{""source_id"": ""Cable_Incline_Pushdown"", ""force"": ""pull"", ""mechanic"": ""isolation"", ""level"": ""beginner"", ""curated"": false}"
164,Cable Incline Triceps Extension,Exercise,"{""source_id"": ""Cable_Incline_Triceps_Extension"", ""force"": ""push"", ""mechanic"": ""isolation"", ""level"": ""beginner"", ""curated"": false}"
165,Cable Internal Rotation,Exercise,"{""source_id"": ""Cable_Internal_Rotation"", ""force"": ""pull"", ""mechanic"": ""compound"", ""level"": ""beginner"", ""curated"": false}"
166,Cable Iron Cross,Exercise,"{""source_id"": ""Cable_Iron_Cross"", ""force"": ""push"", ""mechanic"": ""isolation"", ""level"": ""beginner"", ""curated"": false}"
167,Cable Judo Flip,Exercise,"{""source_id"": ""Cable_Judo_Flip"", ""force"": ""pull"", ""mechanic"": ""compound"", ""level"": ""beginner"", ""curated"": false}"
168,Cable Lying Triceps Extension,Exercise,"{""source_id"": ""Cable_Lying_Triceps_Extension"", ""force"": ""push"", ""mechanic"": ""isolation"", ""level"": ""beginner"", ""curated"": false}"
169,Cable One Arm Tricep Extension,Exercise,"{""source_id"": ""Cable_One_Arm_Tricep_Extension"", ""force"": ""push"", ""mechanic"": ""isolation"", ""level"": ""beginner"", ""curated"": false}"
170,Cable Preacher Curl,Exercise,"{""source_id"": ""Cable_Preacher_Curl"", ""force"": ""pull"", ""mechanic"": ""isolation"", ""level"": ""beginner"", ""curated"": false}"
171,Cable Rear Delt Fly,Exercise,"{""source_id"": ""Cable_Rear_Delt_Fly"", ""force"": ""pull"", ""mechanic"": ""isolation"", ""level"": ""beginner"", ""curated"": false}"
172,Cable Reverse Crunch,Exercise,"{""source_id"": ""Cable_Reverse_Crunch"", ""force"": ""pull"", ""mechanic"": ""isolation"", ""level"": ""beginner"", ""curated"": false}"
173,Cable Rope Overhead Triceps Extension,Exercise,"{""source_id"": ""Cable_Rope_Overhead_Triceps_Extension"", ""force"": ""push"", ""mechanic"": ""isolation"", ""level"": ""beginner"", ""curated"": false}"
174,Cable Rope Rear-Delt Rows,Exercise,"{""source_id"": ""Cable_Rope_Rear-Delt_Rows"", ""force"": ""pull"", ""mechanic"": ""compound"", ""level"": ""beginner"", ""curated"": false}"
175,Cable Russian Twists,Exercise,"{""source_id"": ""Cable_Russian_Twists"", ""force"": ""pull"", ""mechanic"": ""compound"", ""level"": ""beginner"", ""curated"": false}"
176,Cable Seated Crunch,Exercise,"{""source_id"": ""Cable_Seated_Crunch"", ""force"": ""pull"", ""mechanic"": ""isolation"", ""level"": ""beginner"", ""curated"": false}"
177,Cable Seated Lateral Raise,Exercise,"{""source_id"": ""Cable_Seated_Lateral_Raise"", ""force"": ""pull"", ""mechanic"": ""isolation"", ""level"": ""beginner"", ""curated"": false}"
178,Cable Shoulder Press,Exercise,"{""source_id"": ""Cable_Shoulder_Press"", ""force"": ""push"", ""mechanic"": ""compound"", ""level"": ""beginner"", ""curated"": false}"
179,Cable Shrugs,Exercise,"{""source_id"": ""Cable_Shrugs"", ""force"": ""pull"", ""mechanic"": ""isolation"", ""level"": ""beginner"", ""curated"": false}"
180,Cable Wrist Curl,Exercise,"{""source_id"": ""Cable_Wrist_Curl"", ""force"": ""pull"", ""mechanic"": ""isolation"", ""level"": ""beginner"", ""curated"": false}"
181,Calf-Machine Shoulder Shrug,Exercise,"{""source_id"": ""Calf-Machine_Shoulder_Shrug"", ""force"": ""pull"", ""mechanic"": ""isolation"", ""level"": ""beginner"", ""curated"": false}"
182,Calf Press,Exercise,"{""source_id"": ""Calf_Press"", ""force"": ""push"", ""mechanic"": ""isolation"", ""level"": ""beginner"", ""curated"": false}"
183,Calf Press On The Leg Press Machine,Exercise,"{""source_id"": ""Calf_Press_On_The_Leg_Press_Machine"", ""force"": ""push"", ""mechanic"": ""isolation"", ""level"": ""beginner"", ""curated"": false}"
184,Calf Raise On A Dumbbell,Exercise,"{""source_id"": ""Calf_Raise_On_A_Dumbbell"", ""force"": ""push"", ""mechanic"": ""isolation"", ""level"": ""intermediate"", ""curated"": false}"
185,Calf Raises - With Bands,Exercise,"{""source_id"": ""Calf_Raises_-_With_Bands"", ""force"": ""push"", ""mechanic"": ""isolation"", ""level"": ""beginner"", ""curated"": false}"
186,Calf Stretch Elbows Against Wall,Exercise,"{""source_id"": ""Calf_Stretch_Elbows_Against_Wall"", ""force"": ""static"", ""mechanic"": ""isolation"", ""level"": ""beginner"", ""curated"": false}"
187,Calf Stretch Hands Against Wall,Exercise,"{""source_id"": ""Calf_Stretch_Hands_Against_Wall"", ""force"": ""static"", ""mechanic"": ""isolation"", ""level"": ""beginner"", ""curated"": false}"
188,Calves-SMR,Exercise,"{""source_id"": ""Calves-SMR"", ""force"": ""static"", ""mechanic"": null, ""level"": ""intermediate"", ""curated"": false}"
189,Car Deadlift,Exercise,"{""source_id"": ""Car_Deadlift"", ""force"": ""pull"", ""mechanic"": ""compound"", ""level"": ""intermediate"", ""curated"": false}"
190,Car Drivers,Exercise,"{""source_id"": ""Car_Drivers"", ""force"": ""push"", ""mechanic"": ""isolation"", ""level"": ""beginner"", ""curated"": false}"
191,Carioca Quick Step,Exercise,"{""source_id"": ""Carioca_Quick_Step"", ""force"": null, ""mechanic"": null, ""level"": ""beginner"", ""curated"": false}"
192,Cat Stretch,Exercise,"{""source_id"": ""Cat_Stretch"", ""force"": ""static"", ""mechanic"": null, ""level"": ""beginner"", ""curated"": false}"
193,Catch and Overhead Throw,Exercise,"{""source_id"": ""Catch_and_Overhead_Throw"", ""force"": ""push"", ""mechanic"": ""compound"", ""level"": ""beginner"", ""curated"": false}"
194,Chain Handle Extension,Exercise,"{""source_id"": ""Chain_Handle_Extension"", ""force"": ""push"", ""mechanic"": ""isolation"", ""level"": ""intermediate"", ""curated"": false}"
195,Chain Press,Exercise,"{""source_id"": ""Chain_Press"", ""force"": ""push"", ""mechanic"": ""compound"", ""level"": ""intermediate"", ""curated"": false}"
196,Chair Leg Extended Stretch,Exercise,"{""source_id"": ""Chair_Leg_Extended_Stretch"", ""force"": ""static"", ""mechanic"": ""isolation"", ""level"": ""beginner"", ""curated"": false}"
197,Chair Lower Back Stretch,Exercise,"{""source_id"": ""Chair_Lower_Back_Stretch"", ""force"": ""static"", ""mechanic"": ""isolation"", ""level"": ""beginner"", ""curated"": false}"
198,Chair Squat,Exercise,"{""source_id"": ""Chair_Squat"", ""force"": ""push"", ""mechanic"": ""compound"", ""level"": ""beginner"", ""curated"": false}"
199,Chair Upper Body Stretch,Exercise,"{""source_id"": ""Chair_Upper_Body_Stretch"", ""force"": ""static"", ""mechanic"": null, ""level"": ""beginner"", ""curated"": false}"
200,Chest And Front Of Shoulder Stretch,Exercise,"{""source_id"": ""Chest_And_Front_Of_Shoulder_Stretch"", ""force"": ""static"", ""mechanic"": ""isolation"", ""level"": ""beginner"", ""curated"": false}"
201,Chest Push from 3 point stance,Exercise,"{""source_id"": ""Chest_Push_from_3_point_stance"", ""force"": ""push"", ""mechanic"": ""compound"", ""level"": ""beginner"", ""curated"": false}"
202,Chest Push (multiple response),Exercise,"{""source_id"": ""Chest_Push_multiple_response"", ""force"": ""push"", ""mechanic"": ""compound"", ""level"": ""beginner"", ""curated"": false}"
203,Chest Push (single response),Exercise,"{""source_id"": ""Chest_Push_single_response"", ""force"": ""push"", ""mechanic"": ""compound"", ""level"": ""beginner"", ""curated"": false}"
204,Chest Push with Run Release,Exercise,"{""source_id"": ""Chest_Push_with_Run_Release"", ""force"": ""push"", ""mechanic"": ""compound"", ""level"": ""beginner"", ""curated"": false}"
205,Chest Stretch on Stability Ball,Exercise,"{""source_id"": ""Chest_Stretch_on_Stability_Ball"", ""force"": ""static"", ""mechanic"": ""isolation"", ""level"": ""beginner"", ""curated"": false}"
206,Child's Pose,Exercise,"{""source_id"": ""Childs_Pose"", ""force"": ""static"", ""mechanic"": null, ""level"": ""beginner"", ""curated"": false}"
207,Chin-Up,Exercise,"{""source_id"": ""Chin-Up"", ""force"": ""pull"", ""mechanic"": ""compound"", ""level"": ""beginner"", ""curated"": false}"
208,Chin To Chest Stretch,Exercise,"{""source_id"": ""Chin_To_Chest_Stretch"", ""force"": ""static"", ""mechanic"": null, ""level"": ""beginner"", ""curated"": false}"
209,Neck,MuscleGroup,{}
210,Circus Bell,Exercise,"{""source_id"": ""Circus_Bell"", ""force"": ""push"", ""mechanic"": ""compound"", ""level"": ""expert"", ""curated"": false}"
211,Clean,Exercise,"{""source_id"": ""Clean"", ""force"": ""pull"", ""mechanic"": ""compound"", ""level"": ""intermediate"", ""curated"": false}"
212,Clean Deadlift,Exercise,"{""source_id"": ""Clean_Deadlift"", ""force"": ""pull"", ""mechanic"": ""compound"", ""level"": ""beginner"", ""curated"": false}"
213,Clean Pull,Exercise,"{""source_id"": ""Clean_Pull"", ""force"": ""pull"", ""mechanic"": ""compound"", ""level"": ""intermediate"", ""curated"": false}"
214,Clean Shrug,Exercise,"{""source_id"": ""Clean_Shrug"", ""force"": ""pull"", ""mechanic"": ""compound"", ""level"": ""beginner"", ""curated"": false}"
215,Clean and Jerk,Exercise,"{""source_id"": ""Clean_and_Jerk"", ""force"": ""push"", ""mechanic"": ""compound"", ""level"": ""expert"", ""curated"": false}"
216,Clean and Press,Exercise,"{""source_id"": ""Clean_and_Press"", ""force"": ""push"", ""mechanic"": ""compound"", ""level"": ""intermediate"", ""curated"": false}"
217,Clean from Blocks,Exercise,"{""source_id"": ""Clean_from_Blocks"", ""force"": ""pull"", ""mechanic"": ""compound"", ""level"": ""intermediate"", ""curated"": false}"
218,Clock Push-Up,Exercise,"{""source_id"": ""Clock_Push-Up"", ""force"": ""push"", ""mechanic"": ""compound"", ""level"": ""intermediate"", ""curated"": false}"
219,Close-Grip Barbell Bench Press,Exercise,"{""source_id"": ""Close-Grip_Barbell_Bench_Press"", ""force"": ""push"", ""mechanic"": ""compound"", ""level"": ""beginner"", ""curated"": false}"
220,Close-Grip Dumbbell Press,Exercise,"{""source_id"": ""Close-Grip_Dumbbell_Press"", ""force"": ""push"", ""mechanic"": ""compound"", ""level"": ""beginner"", ""curated"": false}"
221,Close-Grip EZ-Bar Curl with Band,Exercise,"{""source_id"": ""Close-Grip_EZ-Bar_Curl_with_Band"", ""force"": ""pull"", ""mechanic"": ""isolation"", ""level"": ""beginner"", ""curated"": false}"
222,Close-Grip EZ-Bar Press,Exercise,"{""source_id"": ""Close-Grip_EZ-Bar_Press"", ""force"": ""push"", ""mechanic"": ""compound"", ""level"": ""beginner"", ""curated"": false}"
223,Close-Grip EZ Bar Curl,Exercise,"{""source_id"": ""Close-Grip_EZ_Bar_Curl"", ""force"": ""pull"", ""mechanic"": ""isolation"", ""level"": ""beginner"", ""curated"": false}"
224,Close-Grip Front Lat Pulldown,Exercise,"{""source_id"": ""Close-Grip_Front_Lat_Pulldown"", ""force"": ""pull"", ""mechanic"": ""compound"", ""level"": ""beginner"", ""curated"": false}"
225,Close-Grip Push-Up off of a Dumbbell,Exercise,"{""source_id"": ""Close-Grip_Push-Up_off_of_a_Dumbbell"", ""force"": ""push"", ""mechanic"": ""compound"", ""level"": ""intermediate"", ""curated"": false}"
226,Close-Grip Standing Barbell Curl,Exercise,"{""source_id"": ""Close-Grip_Standing_Barbell_Curl"", ""force"": ""pull"", ""mechanic"": ""isolation"", ""level"": ""beginner"", ""curated"": false}"
227,Cocoons,Exercise,"{""source_id"": ""Cocoons"", ""force"": ""pull"", ""mechanic"": ""compound"", ""level"": ""beginner"", ""curated"": false}"
228,Conan's Wheel,Exercise,"{""source_id"": ""Conans_Wheel"", ""force"": null, ""mechanic"": ""compound"", ""level"": ""intermediate"", ""curated"": false}"
229,Concentration Curls,Exercise,"{""source_id"": ""Concentration_Curls"", ""force"": ""pull"", ""mechanic"": ""isolation"", ""level"": ""beginner"", ""curated"": false}"
230,Cross-Body Crunch,Exercise,"{""source_id"": ""Cross-Body_Crunch"", ""force"": ""pull"", ""mechanic"": ""compound"", ""level"": ""beginner"", ""curated"": false}"
231,Cross Body Hammer Curl,Exercise,"{""source_id"": ""Cross_Body_Hammer_Curl"", ""force"": ""pull"", ""mechanic"": ""isolation"", ""level"": ""beginner"", ""curated"": false}"
232,Cross Over - With Bands,Exercise,"{""source_id"": ""Cross_Over_-_With_Bands"", ""force"": ""push"", ""mechanic"": ""compound"", ""level"": ""beginner"", ""curated"": false}"
233,Crossover Reverse Lunge,Exercise,"{""source_id"": ""Crossover_Reverse_Lunge"", ""force"": ""pull"", ""mechanic"": null, ""level"": ""intermediate"", ""curated"": false}"
234,Crucifix,Exercise,"{""source_id"": ""Crucifix"", ""force"": ""static"", ""mechanic"": ""isolation"", ""level"": ""beginner"", ""curated"": false}"
235,Crunch - Hands Overhead,Exercise,"{""source_id"": ""Crunch_-_Hands_Overhead"", ""force"": ""pull"", ""mechanic"": ""isolation"", ""level"": ""beginner"", ""curated"": false}"
236,Crunch - Legs On Exercise Ball,Exercise,"{""source_id"": ""Crunch_-_Legs_On_Exercise_Ball"", ""force"": ""pull"", ""mechanic"": ""isolation"", ""level"": ""beginner"", ""curated"": false}"
237,Crunches,Exercise,"{""source_id"": ""Crunches"", ""force"": ""pull"", ""mechanic"": ""isolation"", ""level"": ""beginner"", ""curated"": false}"
238,Cuban Press,Exercise,"{""source_id"": ""Cuban_Press"", ""force"": ""push"", ""mechanic"": ""compound"", ""level"": ""intermediate"", ""curated"": false}"
239,Dancer's Stretch,Exercise,"{""source_id"": ""Dancers_Stretch"", ""force"": ""static"", ""mechanic"": null, ""level"": ""beginner"", ""curated"": false}"
240,Dead Bug,Exercise,"{""source_id"": ""Dead_Bug"", ""force"": ""pull"", ""mechanic"": ""compound"", ""level"": ""beginner"", ""curated"": false}"
241,Deadlift with Bands,Exercise,"{""source_id"": ""Deadlift_with_Bands"", ""force"": ""pull"", ""mechanic"": ""compound"", ""level"": ""expert"", ""curated"": false}"
242,Deadlift with Chains,Exercise,"{""source_id"": ""Deadlift_with_Chains"", ""force"": ""pull"", ""mechanic"": ""compound"", ""level"": ""expert"", ""curated"": false}"
243,Decline Barbell Bench Press,Exercise,"{""source_id"": ""Decline_Barbell_Bench_Press"", ""force"": ""push"", ""mechanic"": ""compound"", ""level"": ""beginner"", ""curated"": false}"
244,Decline Close-Grip Bench To Skull Crusher,Exercise,"{""source_id"": ""Decline_Close-Grip_Bench_To_Skull_Crusher"", ""force"": ""push"", ""mechanic"": ""compound"", ""level"": ""intermediate"", ""curated"": false}"
245,Decline Crunch,Exercise,"{""source_id"": ""Decline_Crunch"", ""force"": ""pull"", ""mechanic"": ""isolation"", ""level"": ""intermediate"", ""curated"": false}"
246,Decline Dumbbell Bench Press,Exercise,"{""source_id"": ""Decline_Dumbbell_Bench_Press"", ""force"": ""push"", ""mechanic"": ""compound"", ""level"": ""beginner"", ""curated"": false}"
247,Decline Dumbbell Flyes,Exercise,"{""source_id"": ""Decline_Dumbbell_Flyes"", ""force"": ""push"", ""mechanic"": ""compound"", ""level"": ""beginner"", ""curated"": false}"
248,Decline Dumbbell Triceps Extension,Exercise,"{""source_id"": ""Decline_Dumbbell_Triceps_Extension"", ""force"": ""push"", ""mechanic"": ""isolation"", ""level"": ""beginner"", ""curated"": false}"
249,Decline EZ Bar Triceps Extension,Exercise,"{""source_id"": ""Decline_EZ_Bar_Triceps_Extension"", ""force"": ""push"", ""mechanic"": ""isolation"", ""level"": ""beginner"", ""curated"": false}"
250,Decline Oblique Crunch,Exercise,"{""source_id"": ""Decline_Oblique_Crunch"", ""force"": ""pull"", ""mechanic"": ""compound"", ""level"": ""beginner"", ""curated"": false}"
251,Decline Push-Up,Exercise,"{""source_id"": ""Decline_Push-Up"", ""force"": ""push"", ""mechanic"": ""compound"", ""level"": ""beginner"", ""curated"": false}"
252,Decline Reverse Crunch,Exercise,"{""source_id"": ""Decline_Reverse_Crunch"", ""force"": ""pull"", ""mechanic"": ""compound"", ""level"": ""beginner"", ""curated"": false}"
253,Decline Smith Press,Exercise,"{""source_id"": ""Decline_Smith_Press"", ""force"": ""push"", ""mechanic"": ""compound"", ""level"": ""beginner"", ""curated"": false}"
254,Deficit Deadlift,Exercise,"{""source_id"": ""Deficit_Deadlift"", ""force"": ""pull"", ""mechanic"": ""compound"", ""level"": ""intermediate"", ""curated"": false}"
255,Depth Jump Leap,Exercise,"{""source_id"": ""Depth_Jump_Leap"", ""force"": ""push"", ""mechanic"": ""compound"", ""level"": ""beginner"", ""curated"": false}"
256,Dip Machine,Exercise,"{""source_id"": ""Dip_Machine"", ""force"": ""push"", ""mechanic"": ""compound"", ""level"": ""beginner"", ""curated"": false}"
257,Dips - Chest Version,Exercise,"{""source_id"": ""Dips_-_Chest_Version"", ""force"": ""push"", ""mechanic"": ""compound"", ""level"": ""intermediate"", ""curated"": false}"
258,Dips - Triceps Version,Exercise,"{""source_id"": ""Dips_-_Triceps_Version"", ""force"": ""push"", ""mechanic"": ""compound"", ""level"": ""beginner"", ""curated"": false}"
259,Donkey Calf Raises,Exercise,"{""source_id"": ""Donkey_Calf_Raises"", ""force"": ""push"", ""mechanic"": ""isolation"", ""level"": ""intermediate"", ""curated"": false}"
260,Double Kettlebell Alternating Hang Clean,Exercise,"{""source_id"": ""Double_Kettlebell_Alternating_Hang_Clean"", ""force"": ""pull"", ""mechanic"": ""compound"", ""level"": ""intermediate"", ""curated"": false}"
261,Double Kettlebell Jerk,Exercise,"{""source_id"": ""Double_Kettlebell_Jerk"", ""force"": ""push"", ""mechanic"": ""compound"", ""level"": ""intermediate"", ""curated"": false}"
262,Double Kettlebell Push Press,Exercise,"{""source_id"": ""Double_Kettlebell_Push_Press"", ""force"": ""push"", ""mechanic"": ""compound"", ""level"": ""intermediate"", ""curated"": false}"
263,Double Kettlebell Snatch,Exercise,"{""source_id"": ""Double_Kettlebell_Snatch"", ""force"": ""pull"", ""mechanic"": ""compound"", ""level"": ""expert"", ""curated"": false}"
264,Double Kettlebell Windmill,Exercise,"{""source_id"": ""Double_Kettlebell_Windmill"", ""force"": ""pull"", ""mechanic"": null, ""level"": ""intermediate"", ""curated"": false}"
265,Double Leg Butt Kick,Exercise,"{""source_id"": ""Double_Leg_Butt_Kick"", ""force"": ""push"", ""mechanic"": ""compound"", ""level"": ""beginner"", ""curated"": false}"
266,Downward Facing Balance,Exercise,"{""source_id"": ""Downward_Facing_Balance"", ""force"": ""static"", ""mechanic"": ""isolation"", ""level"": ""intermediate"", ""curated"": false}"
267,Drag Curl,Exercise,"{""source_id"": ""Drag_Curl"", ""force"": ""pull"", ""mechanic"": ""compound"", ""level"": ""intermediate"", ""curated"": false}"
268,Drop Push,Exercise,"{""source_id"": ""Drop_Push"", ""force"": ""push"", ""mechanic"": ""compound"", ""level"": ""intermediate"", ""curated"": false}"
269,Dumbbell Alternate Bicep Curl,Exercise,"{""source_id"": ""Dumbbell_Alternate_Bicep_Curl"", ""force"": ""pull"", ""mechanic"": ""isolation"", ""level"": ""beginner"", ""curated"": false}"
270,Dumbbell Bench Press,Exercise,"{""source_id"": ""Dumbbell_Bench_Press"", ""force"": ""push"", ""mechanic"": ""compound"", ""level"": ""beginner"", ""curated"": false}"
271,Dumbbell Bench Press with Neutral Grip,Exercise,"{""source_id"": ""Dumbbell_Bench_Press_with_Neutral_Grip"", ""force"": ""push"", ""mechanic"": ""compound"", ""level"": ""beginner"", ""curated"": false}"
272,Dumbbell Bicep Curl,Exercise,"{""source_id"": ""Dumbbell_Bicep_Curl"", ""force"": ""pull"", ""mechanic"": ""isolation"", ""level"": ""beginner"", ""curated"": false}"
273,Dumbbell Clean,Exercise,"{""source_id"": ""Dumbbell_Clean"", ""force"": ""pull"", ""mechanic"": ""compound"", ""level"": ""intermediate"", ""curated"": false}"
274,Dumbbell Floor Press,Exercise,"{""source_id"": ""Dumbbell_Floor_Press"", ""force"": ""push"", ""mechanic"": ""compound"", ""level"": ""intermediate"", ""curated"": false}"
275,Dumbbell Flyes,Exercise,"{""source_id"": ""Dumbbell_Flyes"", ""force"": ""push"", ""mechanic"": ""isolation"", ""level"": ""beginner"", ""curated"": false}"
276,Dumbbell Incline Row,Exercise,"{""source_id"": ""Dumbbell_Incline_Row"", ""force"": ""pull"", ""mechanic"": ""compound"", ""level"": ""beginner"", ""curated"": false}"
277,Dumbbell Incline Shoulder Raise,Exercise,"{""source_id"": ""Dumbbell_Incline_Shoulder_Raise"", ""force"": ""push"", ""mechanic"": ""isolation"", ""level"": ""beginner"", ""curated"": false}"
278,Dumbbell Lunges,Exercise,"{""source_id"": ""Dumbbell_Lunges"", ""force"": ""push"", ""mechanic"": ""compound"", ""level"": ""beginner"", ""curated"": false}"
279,Dumbbell Lying One-Arm Rear Lateral Raise,Exercise,"{""source_id"": ""Dumbbell_Lying_One-Arm_Rear_Lateral_Raise"", ""force"": ""pull"", ""mechanic"": ""isolation"", ""level"": ""intermediate"", ""curated"": false}"
280,Dumbbell Lying Pronation,Exercise,"{""source_id"": ""Dumbbell_Lying_Pronation"", ""force"": ""pull"", ""mechanic"": ""isolation"", ""level"": ""intermediate"", ""curated"": false}"
281,Dumbbell Lying Rear Lateral Raise,Exercise,"{""source_id"": ""Dumbbell_Lying_Rear_Lateral_Raise"", ""force"": ""pull"", ""mechanic"": ""isolation"", ""level"": ""intermediate"", ""curated"": false}"
282,Dumbbell Lying Supination,Exercise,"{""source_id"": ""Dumbbell_Lying_Supination"", ""force"": ""pull"", ""mechanic"": ""isolation"", ""level"": ""intermediate"", ""curated"": false}"
283,Dumbbell One-Arm Shoulder Press,Exercise,"{""source_id"": ""Dumbbell_One-Arm_Shoulder_Press"", ""force"": ""push"", ""mechanic"": ""compound"", ""level"": ""intermediate"", ""curated"": false}"
284,Dumbbell One-Arm Triceps Extension,Exercise,"{""source_id"": ""Dumbbell_One-Arm_Triceps_Extension"", ""force"": ""push"", ""mechanic"": ""isolation"", ""level"": ""intermediate"", ""curated"": false}"
285,Dumbbell One-Arm Upright Row,Exercise,"{""source_id"": ""Dumbbell_One-Arm_Upright_Row"", ""force"": ""pull"", ""mechanic"": ""compound"", ""level"": ""intermediate"", ""curated"": false}"
286,Dumbbell Prone Incline Curl,Exercise,"{""source_id"": ""Dumbbell_Prone_Incline_Curl"", ""force"": ""pull"", ""mechanic"": ""isolation"", ""level"": ""intermediate"", ""curated"": false}"
287,Dumbbell Raise,Exercise,"{""source_id"": ""Dumbbell_Raise"", ""force"": ""pull"", ""mechanic"": ""compound"", ""level"": ""beginner"", ""curated"": false}"
288,Dumbbell Rear Lunge,Exercise,"{""source_id"": ""Dumbbell_Rear_Lunge"", ""force"": ""push"", ""mechanic"": ""compound"", ""level"": ""intermediate"", ""curated"": false}"
289,Dumbbell Scaption,Exercise,"{""source_id"": ""Dumbbell_Scaption"", ""force"": ""push"", ""mechanic"": ""isolation"", ""level"": ""beginner"", ""curated"": false}"
290,Dumbbell Seated Box Jump,Exercise,"{""source_id"": ""Dumbbell_Seated_Box_Jump"", ""force"": ""push"", ""mechanic"": ""compound"", ""level"": ""intermediate"", ""curated"": false}"
291,Dumbbell Seated One-Leg Calf Raise,Exercise,"{""source_id"": ""Dumbbell_Seated_One-Leg_Calf_Raise"", ""force"": ""push"", ""mechanic"": ""isolation"", ""level"": ""beginner"", ""curated"": false}"
292,Dumbbell Shoulder Press,Exercise,"{""source_id"": ""Dumbbell_Shoulder_Press"", ""force"": ""push"", ""mechanic"": ""compound"", ""level"": ""intermediate"", ""curated"": false}"
293,Dumbbell Shrug,Exercise,"{""source_id"": ""Dumbbell_Shrug"", ""force"": ""pull"", ""mechanic"": ""isolation"", ""level"": ""beginner"", ""curated"": false}"
294,Dumbbell Side Bend,Exercise,"{""source_id"": ""Dumbbell_Side_Bend"", ""force"": ""pull"", ""mechanic"": ""isolation"", ""level"": ""beginner"", ""curated"": false}"
295,Dumbbell Squat,Exercise,"{""source_id"": ""Dumbbell_Squat"", ""force"": ""push"", ""mechanic"": ""compound"", ""level"": ""beginner"", ""curated"": false}"
296,Dumbbell Squat To A Bench,Exercise,"{""source_id"": ""Dumbbell_Squat_To_A_Bench"", ""force"": ""push"", ""mechanic"": ""compound"", ""level"": ""intermediate"", ""curated"": false}"
297,Dumbbell Step Ups,Exercise,"{""source_id"": ""Dumbbell_Step_Ups"", ""force"": ""push"", ""mechanic"": ""compound"", ""level"": ""intermediate"", ""curated"": false}"
298,Dumbbell Tricep Extension -Pronated Grip,Exercise,"{""source_id"": ""Dumbbell_Tricep_Extension_-Pronated_Grip"", ""force"": ""push"", ""mechanic"": ""isolation"", ""level"": ""beginner"", ""curated"": false}"
299,Dynamic Back Stretch,Exercise,"{""source_id"": ""Dynamic_Back_Stretch"", ""force"": ""pull"", ""mechanic"": null, ""level"": ""beginner"", ""curated"": false}"
300,Dynamic Chest Stretch,Exercise,"{""source_id"": ""Dynamic_Chest_Stretch"", ""force"": ""pull"", ""mechanic"": null, ""level"": ""beginner"", ""curated"": false}"
301,EZ-Bar Curl,Exercise,"{""source_id"": ""EZ-Bar_Curl"", ""force"": ""pull"", ""mechanic"": ""isolation"", ""level"": ""beginner"", ""curated"": false}"
302,EZ-Bar Skullcrusher,Exercise,"{""source_id"": ""EZ-Bar_Skullcrusher"", ""force"": ""push"", ""mechanic"": ""isolation"", ""level"": ""beginner"", ""curated"": false}"
303,Elbow Circles,Exercise,"{""source_id"": ""Elbow_Circles"", ""force"": ""pull"", ""mechanic"": ""isolation"", ""level"": ""beginner"", ""curated"": false}"
304,Elbow to Knee,Exercise,"{""source_id"": ""Elbow_to_Knee"", ""force"": ""pull"", ""mechanic"": ""compound"", ""level"": ""beginner"", ""curated"": false}"
305,Elbows Back,Exercise,"{""source_id"": ""Elbows_Back"", ""force"": ""static"", ""mechanic"": ""isolation"", ""level"": ""beginner"", ""curated"": false}"
306,Elevated Back Lunge,Exercise,"{""source_id"": ""Elevated_Back_Lunge"", ""force"": ""push"", ""mechanic"": ""compound"", ""level"": ""intermediate"", ""curated"": false}"
307,Elevated Cable Rows,Exercise,"{""source_id"": ""Elevated_Cable_Rows"", ""force"": ""pull"", ""mechanic"": ""compound"", ""level"": ""intermediate"", ""curated"": false}"
308,Elliptical Trainer,Exercise,"{""source_id"": ""Elliptical_Trainer"", ""force"": null, ""mechanic"": null, ""level"": ""intermediate"", ""curated"": false}"
309,Exercise Ball Crunch,Exercise,"{""source_id"": ""Exercise_Ball_Crunch"", ""force"": ""pull"", ""mechanic"": ""isolation"", ""level"": ""beginner"", ""curated"": false}"
310,Exercise Ball Pull-In,Exercise,"{""source_id"": ""Exercise_Ball_Pull-In"", ""force"": ""pull"", ""mechanic"": ""compound"", ""level"": ""beginner"", ""curated"": false}"
311,Extended Range One-Arm Kettlebell Floor Press,Exercise,"{""source_id"": ""Extended_Range_One-Arm_Kettlebell_Floor_Press"", ""force"": ""push"", ""mechanic"": ""compound"", ""level"": ""beginner"", ""curated"": false}"
312,External Rotation,Exercise,"{""source_id"": ""External_Rotation"", ""force"": ""pull"", ""mechanic"": ""isolation"", ""level"": ""beginner"", ""curated"": false}"
313,External Rotation with Band,Exercise,"{""source_id"": ""External_Rotation_with_Band"", ""force"": ""pull"", ""mechanic"": ""compound"", ""level"": ""beginner"", ""curated"": false}"
314,External Rotation with Cable,Exercise,"{""source_id"": ""External_Rotation_with_Cable"", ""force"": ""pull"", ""mechanic"": ""isolation"", ""level"": ""beginner"", ""curated"": false}"
315,Face Pull,Exercise,"{""source_id"": ""Face_Pull"", ""force"": ""pull"", ""mechanic"": ""compound"", ""level"": ""intermediate"", ""curated"": false}"
316,Farmer's Walk,Exercise,"{""source_id"": ""Farmers_Walk"", ""force"": null, ""mechanic"": ""compound"", ""level"": ""intermediate"", ""curated"": false}"
317,Fast Skipping,Exercise,"{""source_id"": ""Fast_Skipping"", ""force"": ""push"", ""mechanic"": ""compound"", ""level"": ""beginner"", ""curated"": false}"
318,Finger Curls,Exercise,"{""source_id"": ""Finger_Curls"", ""force"": ""pull"", ""mechanic"": ""isolation"", ""level"": ""beginner"", ""curated"": false}"
319,Flat Bench Cable Flyes,Exercise,"{""source_id"": ""Flat_Bench_Cable_Flyes"", ""force"": ""push"", ""mechanic"": ""isolation"", ""level"": ""intermediate"", ""curated"": false}"
320,Flat Bench Leg Pull-In,Exercise,"{""source_id"": ""Flat_Bench_Leg_Pull-In"", ""force"": ""pull"", ""mechanic"": ""compound"", ""level"": ""beginner"", ""curated"": false}"
321,Flat Bench Lying Leg Raise,Exercise,"{""source_id"": ""Flat_Bench_Lying_Leg_Raise"", ""force"": ""pull"", ""mechanic"": ""isolation"", ""level"": ""beginner"", ""curated"": false}"
322,Flexor Incline Dumbbell Curls,Exercise,"{""source_id"": ""Flexor_Incline_Dumbbell_Curls"", ""force"": ""pull"", ""mechanic"": ""isolation"", ""level"": ""beginner"", ""curated"": false}"
323,Floor Glute-Ham Raise,Exercise,"{""source_id"": ""Floor_Glute-Ham_Raise"", ""force"": ""pull"", ""mechanic"": ""isolation"", ""level"": ""intermediate"", ""curated"": false}"
324,Floor Press,Exercise,"{""source_id"": ""Floor_Press"", ""force"": ""push"", ""mechanic"": ""compound"", ""level"": ""intermediate"", ""curated"": false}"
325,Floor Press with Chains,Exercise,"{""source_id"": ""Floor_Press_with_Chains"", ""force"": ""push"", ""mechanic"": ""compound"", ""level"": ""intermediate"", ""curated"": false}"
326,Flutter Kicks,Exercise,"{""source_id"": ""Flutter_Kicks"", ""force"": ""pull"", ""mechanic"": ""compound"", ""level"": ""beginner"", ""curated"": false}"
327,Foot-SMR,Exercise,"{""source_id"": ""Foot-SMR"", ""force"": ""static"", ""mechanic"": null, ""level"": ""intermediate"", ""curated"": false}"
328,Forward Drag with Press,Exercise,"{""source_id"": ""Forward_Drag_with_Press"", ""force"": ""push"", ""mechanic"": ""compound"", ""level"": ""intermediate"", ""curated"": false}"
329,Frankenstein Squat,Exercise,"{""source_id"": ""Frankenstein_Squat"", ""force"": ""push"", ""mechanic"": ""compound"", ""level"": ""intermediate"", ""curated"": false}"
330,Freehand Jump Squat,Exercise,"{""source_id"": ""Freehand_Jump_Squat"", ""force"": ""push"", ""mechanic"": ""compound"", ""level"": ""intermediate"", ""curated"": false}"
331,Frog Hops,Exercise,"{""source_id"": ""Frog_Hops"", ""force"": ""push"", ""mechanic"": ""compound"", ""level"": ""intermediate"", ""curated"": false}"
332,Frog Sit-Ups,Exercise,"{""source_id"": ""Frog_Sit-Ups"", ""force"": ""pull"", ""mechanic"": ""isolation"", ""level"": ""intermediate"", ""curated"": false}"
333,Front Barbell Squat,Exercise,"{""source_id"": ""Front_Barbell_Squat"", ""force"": ""push"", ""mechanic"": ""compound"", ""level"": ""expert"", ""curated"": false}"
334,Front Barbell Squat To A Bench,Exercise,"{""source_id"": ""Front_Barbell_Squat_To_A_Bench"", ""force"": ""push"", ""mechanic"": ""compound"", ""level"": ""expert"", ""curated"": false}"
335,Front Box Jump,Exercise,"{""source_id"": ""Front_Box_Jump"", ""force"": ""push"", ""mechanic"": ""compound"", ""level"": ""beginner"", ""curated"": false}"
336,Front Cable Raise,Exercise,"{""source_id"": ""Front_Cable_Raise"", ""force"": ""push"", ""mechanic"": ""isolation"", ""level"": ""beginner"", ""curated"": false}"
337,Front Cone Hops (or hurdle hops),Exercise,"{""source_id"": ""Front_Cone_Hops_or_hurdle_hops"", ""force"": ""push"", ""mechanic"": ""compound"", ""level"": ""beginner"", ""curated"": false}"
338,Front Dumbbell Raise,Exercise,"{""source_id"": ""Front_Dumbbell_Raise"", ""force"": ""push"", ""mechanic"": ""isolation"", ""level"": ""beginner"", ""curated"": false}"
339,Front Incline Dumbbell Raise,Exercise,"{""source_id"": ""Front_Incline_Dumbbell_Raise"", ""force"": ""push"", ""mechanic"": ""isolation"", ""level"": ""beginner"", ""curated"": false}"
340,Front Leg Raises,Exercise,"{""source_id"": ""Front_Leg_Raises"", ""force"": ""pull"", ""mechanic"": null, ""level"": ""beginner"", ""curated"": false}"
341,Front Plate Raise,Exercise,"{""source_id"": ""Front_Plate_Raise"", ""force"": ""push"", ""mechanic"": ""isolation"", ""level"": ""intermediate"", ""curated"": false}"
342,Front Raise And Pullover,Exercise,"{""source_id"": ""Front_Raise_And_Pullover"", ""force"": ""pull"", ""mechanic"": ""compound"", ""level"": ""beginner"", ""curated"": false}"
343,Front Squat (Clean Grip),Exercise,"{""source_id"": ""Front_Squat_Clean_Grip"", ""force"": ""push"", ""mechanic"": ""compound"", ""level"": ""intermediate"", ""curated"": false}"
344,Front Squats With Two Kettlebells,Exercise,"{""source_id"": ""Front_Squats_With_Two_Kettlebells"", ""force"": ""push"", ""mechanic"": ""compound"", ""level"": ""intermediate"", ""curated"": false}"
345,Front Two-Dumbbell Raise,Exercise,"{""source_id"": ""Front_Two-Dumbbell_Raise"", ""force"": ""push"", ""mechanic"": ""isolation"", ""level"": ""beginner"", ""curated"": false}"
346,Full Range-Of-Motion Lat Pulldown,Exercise,"{""source_id"": ""Full_Range-Of-Motion_Lat_Pulldown"", ""force"": ""pull"", ""mechanic"": ""compound"", ""level"": ""intermediate"", ""curated"": false}"
347,Gironda Sternum Chins,Exercise,"{""source_id"": ""Gironda_Sternum_Chins"", ""force"": ""pull"", ""mechanic"": ""compound"", ""level"": ""intermediate"", ""curated"": false}"
348,Glute Ham Raise,Exercise,"{""source_id"": ""Glute_Ham_Raise"", ""force"": ""pull"", ""mechanic"": ""compound"", ""level"": ""intermediate"", ""curated"": false}"
349,Glute Kickback,Exercise,"{""source_id"": ""Glute_Kickback"", ""force"": ""push"", ""mechanic"": ""compound"", ""level"": ""beginner"", ""curated"": false}"
350,Goblet Squat,Exercise,"{""source_id"": ""Goblet_Squat"", ""force"": ""push"", ""mechanic"": ""compound"", ""level"": ""beginner"", ""curated"": false}"
351,Good Morning,Exercise,"{""source_id"": ""Good_Morning"", ""force"": ""push"", ""mechanic"": ""compound"", ""level"": ""intermediate"", ""curated"": false}"
352,Good Morning off Pins,Exercise,"{""source_id"": ""Good_Morning_off_Pins"", ""force"": ""push"", ""mechanic"": ""compound"", ""level"": ""intermediate"", ""curated"": false}"
353,Gorilla Chin/Crunch,Exercise,"{""source_id"": ""Gorilla_Chin_Crunch"", ""force"": ""pull"", ""mechanic"": ""compound"", ""level"": ""intermediate"", ""curated"": false}"
354,Groin and Back Stretch,Exercise,"{""source_id"": ""Groin_and_Back_Stretch"", ""force"": ""static"", ""mechanic"": ""compound"", ""level"": ""intermediate"", ""curated"": false}"
355,Groiners,Exercise,"{""source_id"": ""Groiners"", ""force"": ""pull"", ""mechanic"": ""compound"", ""level"": ""intermediate"", ""curated"": false}"
356,Hack Squat,Exercise,"{""source_id"": ""Hack_Squat"", ""force"": ""push"", ""mechanic"": ""compound"", ""level"": ""beginner"", ""curated"": false}"
357,Hammer Curls,Exercise,"{""source_id"": ""Hammer_Curls"", ""force"": ""pull"", ""mechanic"": ""isolation"", ""level"": ""beginner"", ""curated"": false}"
358,Hammer Grip Incline DB Bench Press,Exercise,"{""source_id"": ""Hammer_Grip_Incline_DB_Bench_Press"", ""force"": ""push"", ""mechanic"": ""compound"", ""level"": ""beginner"", ""curated"": false}"
359,Hamstring-SMR,Exercise,"{""source_id"": ""Hamstring-SMR"", ""force"": ""static"", ""mechanic"": ""isolation"", ""level"": ""beginner"", ""curated"": false}"
360,Hamstring Stretch,Exercise,"{""source_id"": ""Hamstring_Stretch"", ""force"": ""static"", ""mechanic"": ""isolation"", ""level"": ""beginner"", ""curated"": false}"
361,Handstand Push-Ups,Exercise,"{""source_id"": ""Handstand_Push-Ups"", ""force"": ""push"", ""mechanic"": ""compound"", ""level"": ""expert"", ""curated"": false}"
362,Hang Clean,Exercise,"{""source_id"": ""Hang_Clean"", ""force"": ""pull"", ""mechanic"": ""compound"", ""level"": ""intermediate"", ""curated"": false}"
363,Hang Clean - Below the Knees,Exercise,"{""source_id"": ""Hang_Clean_-_Below_the_Knees"", ""force"": ""pull"", ""mechanic"": ""compound"", ""level"": ""intermediate"", ""curated"": false}"
364,Hang Snatch,Exercise,"{""source_id"": ""Hang_Snatch"", ""force"": ""pull"", ""mechanic"": ""compound"", ""level"": ""expert"", ""curated"": false}"
365,Hang Snatch - Below Knees,Exercise,"{""source_id"": ""Hang_Snatch_-_Below_Knees"", ""force"": ""pull"", ""mechanic"": ""compound"", ""level"": ""expert"", ""curated"": false}"
366,Hanging Bar Good Morning,Exercise,"{""source_id"": ""Hanging_Bar_Good_Morning"", ""force"": ""push"", ""mechanic"": ""compound"", ""level"": ""intermediate"", ""curated"": false}"
367,Hanging Leg Raise,Exercise,"{""source_id"": ""Hanging_Leg_Raise"", ""force"": ""pull"", ""mechanic"": ""isolation"", ""level"": ""expert"", ""curated"": false}"
368,Hanging Pike,Exercise,"{""source_id"": ""Hanging_Pike"", ""force"": ""pull"", ""mechanic"": ""compound"", ""level"": ""expert"", ""curated"": false}"
369,Heaving Snatch Balance,Exercise,"{""source_id"": ""Heaving_Snatch_Balance"", ""force"": ""push"", ""mechanic"": ""compound"", ""level"": ""intermediate"", ""curated"": false}"
370,Heavy Bag Thrust,Exercise,"{""source_id"": ""Heavy_Bag_Thrust"", ""force"": ""push"", ""mechanic"": ""compound"", ""level"": ""beginner"", ""curated"": false}"
371,High Cable Curls,Exercise,"{""source_id"": ""High_Cable_Curls"", ""force"": ""pull"", ""mechanic"": ""compound"", ""level"": ""intermediate"", ""curated"": false}"
372,Hip Circles (prone),Exercise,"{""source_id"": ""Hip_Circles_prone"", ""force"": ""pull"", ""mechanic"": ""isolation"", ""level"": ""beginner"", ""curated"": false}"
373,Hip Extension with Bands,Exercise,"{""source_id"": ""Hip_Extension_with_Bands"", ""force"": ""push"", ""mechanic"": ""compound"", ""level"": ""beginner"", ""curated"": false}"
374,Hip Flexion with Band,Exercise,"{""source_id"": ""Hip_Flexion_with_Band"", ""force"": ""pull"", ""mechanic"": ""compound"", ""level"": ""beginner"", ""curated"": false}"
375,Hip Lift with Band,Exercise,"{""source_id"": ""Hip_Lift_with_Band"", ""force"": ""push"", ""mechanic"": ""compound"", ""level"": ""beginner"", ""curated"": false}"
376,Hug A Ball,Exercise,"{""source_id"": ""Hug_A_Ball"", ""force"": ""static"", ""mechanic"": ""isolation"", ""level"": ""beginner"", ""curated"": false}"
377,Hug Knees To Chest,Exercise,"{""source_id"": ""Hug_Knees_To_Chest"", ""force"": ""static"", ""mechanic"": null, ""level"": ""beginner"", ""curated"": false}"
378,Hurdle Hops,Exercise,"{""source_id"": ""Hurdle_Hops"", ""force"": ""push"", ""mechanic"": ""compound"", ""level"": ""beginner"", ""curated"": false}"
379,Hyperextensions (Back Extensions),Exercise,"{""source_id"": ""Hyperextensions_Back_Extensions"", ""force"": ""pull"", ""mechanic"": ""isolation"", ""level"": ""beginner"", ""curated"": false}"
380,Hyperextensions With No Hyperextension Bench,Exercise,"{""source_id"": ""Hyperextensions_With_No_Hyperextension_Bench"", ""force"": ""pull"", ""mechanic"": ""compound"", ""level"": ""intermediate"", ""curated"": false}"
381,IT Band and Glute Stretch,Exercise,"{""source_id"": ""IT_Band_and_Glute_Stretch"", ""force"": ""static"", ""mechanic"": null, ""level"": ""intermediate"", ""curated"": false}"
382,Iliotibial Tract-SMR,Exercise,"{""source_id"": ""Iliotibial_Tract-SMR"", ""force"": ""static"", ""mechanic"": ""isolation"", ""level"": ""intermediate"", ""curated"": false}"
383,Inchworm,Exercise,"{""source_id"": ""Inchworm"", ""force"": null, ""mechanic"": ""compound"", ""level"": ""beginner"", ""curated"": false}"
384,Incline Barbell Triceps Extension,Exercise,"{""source_id"": ""Incline_Barbell_Triceps_Extension"", ""force"": ""push"", ""mechanic"": ""isolation"", ""level"": ""intermediate"", ""curated"": false}"
385,Incline Bench Pull,Exercise,"{""source_id"": ""Incline_Bench_Pull"", ""force"": ""pull"", ""mechanic"": ""isolation"", ""level"": ""beginner"", ""curated"": false}"
386,Incline Cable Chest Press,Exercise,"{""source_id"": ""Incline_Cable_Chest_Press"", ""force"": ""push"", ""mechanic"": ""compound"", ""level"": ""beginner"", ""curated"": false}"
387,Incline Cable Flye,Exercise,"{""source_id"": ""Incline_Cable_Flye"", ""force"": ""push"", ""mechanic"": ""isolation"", ""level"": ""intermediate"", ""curated"": false}"
388,Incline Dumbbell Bench With Palms Facing In,Exercise,"{""source_id"": ""Incline_Dumbbell_Bench_With_Palms_Facing_In"", ""force"": ""push"", ""mechanic"": ""compound"", ""level"": ""beginner"", ""curated"": false}"
389,Incline Dumbbell Curl,Exercise,"{""source_id"": ""Incline_Dumbbell_Curl"", ""force"": ""pull"", ""mechanic"": ""isolation"", ""level"": ""beginner"", ""curated"": false}"
390,Incline Dumbbell Flyes,Exercise,"{""source_id"": ""Incline_Dumbbell_Flyes"", ""force"": ""push"", ""mechanic"": ""compound"", ""level"": ""beginner"", ""curated"": false}"
391,Incline Dumbbell Flyes - With A Twist,Exercise,"{""source_id"": ""Incline_Dumbbell_Flyes_-_With_A_Twist"", ""force"": ""push"", ""mechanic"": ""compound"", ""level"": ""beginner"", ""curated"": false}"
392,Incline Dumbbell Press,Exercise,"{""source_id"": ""Incline_Dumbbell_Press"", ""force"": ""push"", ""mechanic"": ""compound"", ""level"": ""beginner"", ""curated"": false}"
393,Incline Hammer Curls,Exercise,"{""source_id"": ""Incline_Hammer_Curls"", ""force"": ""pull"", ""mechanic"": ""isolation"", ""level"": ""beginner"", ""curated"": false}"
394,Incline Inner Biceps Curl,Exercise,"{""source_id"": ""Incline_Inner_Biceps_Curl"", ""force"": null, ""mechanic"": ""isolation"", ""level"": ""beginner"", ""curated"": false}"
395,Incline Push-Up,Exercise,"{""source_id"": ""Incline_Push-Up"", ""force"": ""push"", ""mechanic"": ""compound"", ""level"": ""beginner"", ""curated"": false}"
396,Incline Push-Up Close-Grip,Exercise,"{""source_id"": ""Incline_Push-Up_Close-Grip"", ""force"": ""push"", ""mechanic"": ""compound"", ""level"": ""beginner"", ""curated"": false}"
397,Incline Push-Up Depth Jump,Exercise,"{""source_id"": ""Incline_Push-Up_Depth_Jump"", ""force"": ""push"", ""mechanic"": ""compound"", ""level"": ""beginner"", ""curated"": false}"
398,Incline Push-Up Medium,Exercise,"{""source_id"": ""Incline_Push-Up_Medium"", ""force"": ""push"", ""mechanic"": ""compound"", ""level"": ""beginner"", ""curated"": false}"
399,Incline Push-Up Reverse Grip,Exercise,"{""source_id"": ""Incline_Push-Up_Reverse_Grip"", ""force"": ""push"", ""mechanic"": ""compound"", ""level"": ""beginner"", ""curated"": false}"
400,Incline Push-Up Wide,Exercise,"{""source_id"": ""Incline_Push-Up_Wide"", ""force"": ""push"", ""mechanic"": ""compound"", ""level"": ""beginner"", ""curated"": false}"
401,Intermediate Groin Stretch,Exercise,"{""source_id"": ""Intermediate_Groin_Stretch"", ""force"": ""static"", ""mechanic"": ""isolation"", ""level"": ""intermediate"", ""curated"": false}"
402,Intermediate Hip Flexor and Quad Stretch,Exercise,"{""source_id"": ""Intermediate_Hip_Flexor_and_Quad_Stretch"", ""force"": ""static"", ""mechanic"": ""compound"", ""level"": ""intermediate"", ""curated"": false}"
403,Internal Rotation with Band,Exercise,"{""source_id"": ""Internal_Rotation_with_Band"", ""force"": null, ""mechanic"": ""isolation"", ""level"": ""beginner"", ""curated"": false}"
404,Inverted Row,Exercise,"{""source_id"": ""Inverted_Row"", ""force"": ""pull"", ""mechanic"": ""compound"", ""level"": ""beginner"", ""curated"": false}"
405,Inverted Row with Straps,Exercise,"{""source_id"": ""Inverted_Row_with_Straps"", ""force"": ""pull"", ""mechanic"": ""compound"", ""level"": ""beginner"", ""curated"": false}"
406,Iron Cross,Exercise,"{""source_id"": ""Iron_Cross"", ""force"": ""push"", ""mechanic"": ""compound"", ""level"": ""intermediate"", ""curated"": false}"
407,Iron Crosses (stretch),Exercise,"{""source_id"": ""Iron_Crosses_stretch"", ""force"": ""pull"", ""mechanic"": ""compound"", ""level"": ""intermediate"", ""curated"": false}"
408,Isometric Chest Squeezes,Exercise,"{""source_id"": ""Isometric_Chest_Squeezes"", ""force"": ""static"", ""mechanic"": ""compound"", ""level"": ""beginner"", ""curated"": false}"
409,Isometric Neck Exercise - Front And Back,Exercise,"{""source_id"": ""Isometric_Neck_Exercise_-_Front_And_Back"", ""force"": ""static"", ""mechanic"": ""isolation"", ""level"": ""beginner"", ""curated"": false}"
410,Isometric Neck Exercise - Sides,Exercise,"{""source_id"": ""Isometric_Neck_Exercise_-_Sides"", ""force"": ""static"", ""mechanic"": ""isolation"", ""level"": ""beginner"", ""curated"": false}"
411,Isometric Wipers,Exercise,"{""source_id"": ""Isometric_Wipers"", ""force"": ""push"", ""mechanic"": ""compound"", ""level"": ""beginner"", ""curated"": false}"
412,JM Press,Exercise,"{""source_id"": ""JM_Press"", ""force"": ""push"", ""mechanic"": ""compound"", ""level"": ""beginner"", ""curated"": false}"
413,Jackknife Sit-Up,Exercise,"{""source_id"": ""Jackknife_Sit-Up"", ""force"": ""pull"", ""mechanic"": ""compound"", ""level"": ""beginner"", ""curated"": false}"
414,Janda Sit-Up,Exercise,"{""source_id"": ""Janda_Sit-Up"", ""force"": ""pull"", ""mechanic"": ""isolation"", ""level"": ""beginner"", ""curated"": false}"
415,Jefferson Squats,Exercise,"{""source_id"": ""Jefferson_Squats"", ""force"": ""push"", ""mechanic"": ""compound"", ""level"": ""intermediate"", ""curated"": false}"
416,Jerk Balance,Exercise,"{""source_id"": ""Jerk_Balance"", ""force"": ""push"", ""mechanic"": ""compound"", ""level"": ""intermediate"", ""curated"": false}"
417,Jerk Dip Squat,Exercise,"{""source_id"": ""Jerk_Dip_Squat"", ""force"": ""push"", ""mechanic"": ""compound"", ""level"": ""intermediate"", ""curated"": false}"
418,"Jogging, Treadmill",Exercise,"{""source_id"": ""Jogging_Treadmill"", ""force"": null, ""mechanic"": null, ""level"": ""beginner"", ""curated"": false}"
419,Keg Load,Exercise,"{""source_id"": ""Keg_Load"", ""force"": ""pull"", ""mechanic"": ""compound"", ""level"": ""intermediate"", ""curated"": false}"
420,Kettlebell Arnold Press,Exercise,"{""source_id"": ""Kettlebell_Arnold_Press"", ""force"": ""push"", ""mechanic"": ""compound"", ""level"": ""intermediate"", ""curated"": false}"
421,Kettlebell Dead Clean,Exercise,"{""source_id"": ""Kettlebell_Dead_Clean"", ""force"": ""pull"", ""mechanic"": ""compound"", ""level"": ""intermediate"", ""curated"": false}"
422,Kettlebell Figure 8,Exercise,"{""source_id"": ""Kettlebell_Figure_8"", ""force"": ""pull"", ""mechanic"": null, ""level"": ""intermediate"", ""curated"": false}"
423,Kettlebell Hang Clean,Exercise,"{""source_id"": ""Kettlebell_Hang_Clean"", ""force"": ""pull"", ""mechanic"": ""compound"", ""level"": ""intermediate"", ""curated"": false}"
424,Kettlebell One-Legged Deadlift,Exercise,"{""source_id"": ""Kettlebell_One-Legged_Deadlift"", ""force"": ""pull"", ""mechanic"": ""compound"", ""level"": ""intermediate"", ""curated"": false}"
425,Kettlebell Pass Between The Legs,Exercise,"{""source_id"": ""Kettlebell_Pass_Between_The_Legs"", ""force"": ""pull"", ""mechanic"": ""compound"", ""level"": ""intermediate"", ""curated"": false}"
426,Kettlebell Pirate Ships,Exercise,"{""source_id"": ""Kettlebell_Pirate_Ships"", ""force"": ""push"", ""mechanic"": ""compound"", ""level"": ""beginner"", ""curated"": false}"
427,Kettlebell Pistol Squat,Exercise,"{""source_id"": ""Kettlebell_Pistol_Squat"", ""force"": ""push"", ""mechanic"": ""compound"", ""level"": ""expert"", ""curated"": false}"
428,Kettlebell Seated Press,Exercise,"{""source_id"": ""Kettlebell_Seated_Press"", ""force"": ""push"", ""mechanic"": ""compound"", ""level"": ""intermediate"", ""curated"": false}"
429,Kettlebell Seesaw Press,Exercise,"{""source_id"": ""Kettlebell_Seesaw_Press"", ""force"": ""push"", ""mechanic"": ""compound"", ""level"": ""intermediate"", ""curated"": false}"
430,Kettlebell Sumo High Pull,Exercise,"{""source_id"": ""Kettlebell_Sumo_High_Pull"", ""force"": ""pull"", ""mechanic"": ""compound"", ""level"": ""intermediate"", ""curated"": false}"
431,Kettlebell Thruster,Exercise,"{""source_id"": ""Kettlebell_Thruster"", ""force"": ""push"", ""mechanic"": ""compound"", ""level"": ""intermediate"", ""curated"": false}"
432,Kettlebell Turkish Get-Up (Lunge style),Exercise,"{""source_id"": ""Kettlebell_Turkish_Get-Up_Lunge_style"", ""force"": ""push"", ""mechanic"": ""compound"", ""level"": ""intermediate"", ""curated"": false}"
433,Kettlebell Turkish Get-Up (Squat style),Exercise,"{""source_id"": ""Kettlebell_Turkish_Get-Up_Squat_style"", ""force"": ""push"", ""mechanic"": ""compound"", ""level"": ""intermediate"", ""curated"": false}"
434,Kettlebell Windmill,Exercise,"{""source_id"": ""Kettlebell_Windmill"", ""force"": ""pull"", ""mechanic"": ""compound"", ""level"": ""intermediate"", ""curated"": false}"
435,Kipping Muscle Up,Exercise,"{""source_id"": ""Kipping_Muscle_Up"", ""force"": ""pull"", ""mechanic"": ""compound"", ""level"": ""intermediate"", ""curated"": false}"
436,Knee Across The Body,Exercise,"{""source_id"": ""Knee_Across_The_Body"", ""force"": ""static"", ""mechanic"": null, ""level"": ""beginner"", ""curated"": false}"
437,Knee Circles,Exercise,"{""source_id"": ""Knee_Circles"", ""force"": ""pull"", ""mechanic"": ""compound"", ""level"": ""beginner"", ""curated"": false}"
438,Knee/Hip Raise On Parallel Bars,Exercise,"{""source_id"": ""Knee_Hip_Raise_On_Parallel_Bars"", ""force"": ""pull"", ""mechanic"": ""isolation"", ""level"": ""beginner"", ""curated"": false}"
439,Knee Tuck Jump,Exercise,"{""source_id"": ""Knee_Tuck_Jump"", ""force"": ""push"", ""mechanic"": ""compound"", ""level"": ""beginner"", ""curated"": false}"
440,Kneeling Arm Drill,Exercise,"{""source_id"": ""Kneeling_Arm_Drill"", ""force"": ""pull"", ""mechanic"": null, ""level"": ""beginner"", ""curated"": false}"
441,Kneeling Cable Crunch With Alternating Oblique Twists,Exercise,"{""source_id"": ""Kneeling_Cable_Crunch_With_Alternating_Oblique_Twists"", ""force"": ""pull"", ""mechanic"": ""isolation"", ""level"": ""beginner"", ""curated"": false}"
442,Kneeling Cable Triceps Extension,Exercise,"{""source_id"": ""Kneeling_Cable_Triceps_Extension"", ""force"": ""push"", ""mechanic"": ""isolation"", ""level"": ""intermediate"", ""curated"": false}"
443,Kneeling Forearm Stretch,Exercise,"{""source_id"": ""Kneeling_Forearm_Stretch"", ""force"": ""static"", ""mechanic"": ""isolation"", ""level"": ""beginner"", ""curated"": false}"
444,Kneeling High Pulley Row,Exercise,"{""source_id"": ""Kneeling_High_Pulley_Row"", ""force"": ""pull"", ""mechanic"": ""compound"", ""level"": ""beginner"", ""curated"": false}"
445,Kneeling Hip Flexor,Exercise,"{""source_id"": ""Kneeling_Hip_Flexor"", ""force"": ""static"", ""mechanic"": ""isolation"", ""level"": ""beginner"", ""curated"": false}"
446,Kneeling Jump Squat,Exercise,"{""source_id"": ""Kneeling_Jump_Squat"", ""force"": ""push"", ""mechanic"": ""compound"", ""level"": ""expert"", ""curated"": false}"
447,Kneeling Single-Arm High Pulley Row,Exercise,"{""source_id"": ""Kneeling_Single-Arm_High_Pulley_Row"", ""force"": ""pull"", ""mechanic"": ""compound"", ""level"": ""beginner"", ""curated"": false}"
448,Kneeling Squat,Exercise,"{""source_id"": ""Kneeling_Squat"", ""force"": ""push"", ""mechanic"": ""compound"", ""level"": ""intermediate"", ""curated"": false}"
449,Landmine 180's,Exercise,"{""source_id"": ""Landmine_180s"", ""force"": ""pull"", ""mechanic"": ""compound"", ""level"": ""beginner"", ""curated"": false}"
450,Landmine Linear Jammer,Exercise,"{""source_id"": ""Landmine_Linear_Jammer"", ""force"": ""push"", ""mechanic"": ""compound"", ""level"": ""intermediate"", ""curated"": false}"
451,Lateral Bound,Exercise,"{""source_id"": ""Lateral_Bound"", ""force"": ""push"", ""mechanic"": ""compound"", ""level"": ""beginner"", ""curated"": false}"
452,Lateral Box Jump,Exercise,"{""source_id"": ""Lateral_Box_Jump"", ""force"": ""push"", ""mechanic"": ""compound"", ""level"": ""beginner"", ""curated"": false}"
453,Lateral Cone Hops,Exercise,"{""source_id"": ""Lateral_Cone_Hops"", ""force"": ""push"", ""mechanic"": ""compound"", ""level"": ""beginner"", ""curated"": false}"
454,Lateral Raise - With Bands,Exercise,"{""source_id"": ""Lateral_Raise_-_With_Bands"", ""force"": ""push"", ""mechanic"": ""isolation"", ""level"": ""beginner"", ""curated"": false}"
455,Latissimus Dorsi-SMR,Exercise,"{""source_id"": ""Latissimus_Dorsi-SMR"", ""force"": ""static"", ""mechanic"": ""isolation"", ""level"": ""beginner"", ""curated"": false}"
456,Leg-Over Floor Press,Exercise,"{""source_id"": ""Leg-Over_Floor_Press"", ""force"": ""push"", ""mechanic"": ""compound"", ""level"": ""intermediate"", ""curated"": false}"
457,Leg-Up Hamstring Stretch,Exercise,"{""source_id"": ""Leg-Up_Hamstring_Stretch"", ""force"": ""push"", ""mechanic"": ""isolation"", ""level"": ""beginner"", ""curated"": false}"
458,Leg Extensions,Exercise,"{""source_id"": ""Leg_Extensions"", ""force"": ""push"", ""mechanic"": ""isolation"", ""level"": ""beginner"", ""curated"": false}"
459,Leg Lift,Exercise,"{""source_id"": ""Leg_Lift"", ""force"": ""push"", ""mechanic"": ""isolation"", ""level"": ""beginner"", ""curated"": false}"
460,Leg Press,Exercise,"{""source_id"": ""Leg_Press"", ""force"": ""push"", ""mechanic"": ""compound"", ""level"": ""beginner"", ""curated"": false}"
461,Leg Pull-In,Exercise,"{""source_id"": ""Leg_Pull-In"", ""force"": ""pull"", ""mechanic"": ""compound"", ""level"": ""beginner"", ""curated"": false}"
462,Leverage Chest Press,Exercise,"{""source_id"": ""Leverage_Chest_Press"", ""force"": ""push"", ""mechanic"": ""compound"", ""level"": ""beginner"", ""curated"": false}"
463,Leverage Deadlift,Exercise,"{""source_id"": ""Leverage_Deadlift"", ""force"": ""pull"", ""mechanic"": ""compound"", ""level"": ""beginner"", ""curated"": false}"
464,Leverage Decline Chest Press,Exercise,"{""source_id"": ""Leverage_Decline_Chest_Press"", ""force"": ""push"", ""mechanic"": ""compound"", ""level"": ""beginner"", ""curated"": false}"
465,Leverage High Row,Exercise,"{""source_id"": ""Leverage_High_Row"", ""force"": ""pull"", ""mechanic"": ""compound"", ""level"": ""beginner"", ""curated"": false}"
466,Leverage Incline Chest Press,Exercise,"{""source_id"": ""Leverage_Incline_Chest_Press"", ""force"": ""push"", ""mechanic"": ""compound"", ""level"": ""beginner"", ""curated"": false}"
467,Leverage Iso Row,Exercise,"{""source_id"": ""Leverage_Iso_Row"", ""force"": ""pull"", ""mechanic"": ""compound"", ""level"": ""beginner"", ""curated"": false}"
468,Leverage Shoulder Press,Exercise,"{""source_id"": ""Leverage_Shoulder_Press"", ""force"": ""push"", ""mechanic"": ""compound"", ""level"": ""beginner"", ""curated"": false}"
469,Leverage Shrug,Exercise,"{""source_id"": ""Leverage_Shrug"", ""force"": ""pull"", ""mechanic"": ""isolation"", ""level"": ""beginner"", ""curated"": false}"
470,Linear 3-Part Start Technique,Exercise,"{""source_id"": ""Linear_3-Part_Start_Technique"", ""force"": ""push"", ""mechanic"": ""compound"", ""level"": ""beginner"", ""curated"": false}"
471,Linear Acceleration Wall Drill,Exercise,"{""source_id"": ""Linear_Acceleration_Wall_Drill"", ""force"": null, ""mechanic"": ""compound"", ""level"": ""beginner"", ""curated"": false}"
472,Linear Depth Jump,Exercise,"{""source_id"": ""Linear_Depth_Jump"", ""force"": ""push"", ""mechanic"": ""compound"", ""level"": ""intermediate"", ""curated"": false}"
473,Log Lift,Exercise,"{""source_id"": ""Log_Lift"", ""force"": ""push"", ""mechanic"": ""compound"", ""level"": ""intermediate"", ""curated"": false}"
474,London Bridges,Exercise,"{""source_id"": ""London_Bridges"", ""force"": ""pull"", ""mechanic"": ""compound"", ""level"": ""intermediate"", ""curated"": false}"
475,Looking At Ceiling,Exercise,"{""source_id"": ""Looking_At_Ceiling"", ""force"": ""static"", ""mechanic"": ""isolation"", ""level"": ""beginner"", ""curated"": false}"
476,Low Cable Crossover,Exercise,"{""source_id"": ""Low_Cable_Crossover"", ""force"": ""push"", ""mechanic"": ""isolation"", ""level"": ""beginner"", ""curated"": false}"
477,Low Cable Triceps Extension,Exercise,"{""source_id"": ""Low_Cable_Triceps_Extension"", ""force"": ""push"", ""mechanic"": ""isolation"", ""level"": ""beginner"", ""curated"": false}"
478,Low Pulley Row To Neck,Exercise,"{""source_id"": ""Low_Pulley_Row_To_Neck"", ""force"": ""pull"", ""mechanic"": ""compound"", ""level"": ""beginner"", ""curated"": false}"
479,Lower Back-SMR,Exercise,"{""source_id"": ""Lower_Back-SMR"", ""force"": ""static"", ""mechanic"": null, ""level"": ""beginner"", ""curated"": false}"
480,Lower Back Curl,Exercise,"{""source_id"": ""Lower_Back_Curl"", ""force"": ""static"", ""mechanic"": null, ""level"": ""beginner"", ""curated"": false}"
481,Lunge Pass Through,Exercise,"{""source_id"": ""Lunge_Pass_Through"", ""force"": ""push"", ""mechanic"": ""compound"", ""level"": ""intermediate"", ""curated"": false}"
482,Lunge Sprint,Exercise,"{""source_id"": ""Lunge_Sprint"", ""force"": ""push"", ""mechanic"": ""compound"", ""level"": ""intermediate"", ""curated"": false}"
483,Lying Bent Leg Groin,Exercise,"{""source_id"": ""Lying_Bent_Leg_Groin"", ""force"": ""static"", ""mechanic"": null, ""level"": ""expert"", ""curated"": false}"
484,Lying Cable Curl,Exercise,"{""source_id"": ""Lying_Cable_Curl"", ""force"": ""pull"", ""mechanic"": ""isolation"", ""level"": ""intermediate"", ""curated"": false}"
485,Lying Cambered Barbell Row,Exercise,"{""source_id"": ""Lying_Cambered_Barbell_Row"", ""force"": ""pull"", ""mechanic"": ""isolation"", ""level"": ""beginner"", ""curated"": false}"
486,Lying Close-Grip Bar Curl On High Pulley,Exercise,"{""source_id"": ""Lying_Close-Grip_Bar_Curl_On_High_Pulley"", ""force"": ""pull"", ""mechanic"": ""isolation"", ""level"": ""beginner"", ""curated"": false}"
487,Lying Close-Grip Barbell Triceps Extension Behind The Head,Exercise,"{""source_id"": ""Lying_Close-Grip_Barbell_Triceps_Extension_Behind_The_Head"", ""force"": ""push"", ""mechanic"": ""isolation"", ""level"": ""intermediate"", ""curated"": false}"
488,Lying Close-Grip Barbell Triceps Press To Chin,Exercise,"{""source_id"": ""Lying_Close-Grip_Barbell_Triceps_Press_To_Chin"", ""force"": ""push"", ""mechanic"": ""isolation"", ""level"": ""intermediate"", ""curated"": false}"
489,Lying Crossover,Exercise,"{""source_id"": ""Lying_Crossover"", ""force"": ""static"", ""mechanic"": null, ""level"": ""expert"", ""curated"": false}"
490,Lying Dumbbell Tricep Extension,Exercise,"{""source_id"": ""Lying_Dumbbell_Tricep_Extension"", ""force"": ""push"", ""mechanic"": ""isolation"", ""level"": ""intermediate"", ""curated"": false}"
491,Lying Face Down Plate Neck Resistance,Exercise,"{""source_id"": ""Lying_Face_Down_Plate_Neck_Resistance"", ""force"": ""pull"", ""mechanic"": ""isolation"", ""level"": ""intermediate"", ""curated"": false}"
492,Lying Face Up Plate Neck Resistance,Exercise,"{""source_id"": ""Lying_Face_Up_Plate_Neck_Resistance"", ""force"": ""pull"", ""mechanic"": ""isolation"", ""level"": ""intermediate"", ""curated"": false}"
493,Lying Glute,Exercise,"{""source_id"": ""Lying_Glute"", ""force"": ""static"", ""mechanic"": null, ""level"": ""expert"", ""curated"": false}"
494,Lying Hamstring,Exercise,"{""source_id"": ""Lying_Hamstring"", ""force"": ""static"", ""mechanic"": null, ""level"": ""expert"", ""curated"": false}"
495,Lying High Bench Barbell Curl,Exercise,"{""source_id"": ""Lying_High_Bench_Barbell_Curl"", ""force"": ""pull"", ""mechanic"": ""isolation"", ""level"": ""intermediate"", ""curated"": false}"
496,Lying Leg Curls,Exercise,"{""source_id"": ""Lying_Leg_Curls"", ""force"": ""pull"", ""mechanic"": ""isolation"", ""level"": ""beginner"", ""curated"": false}"
497,Lying Machine Squat,Exercise,"{""source_id"": ""Lying_Machine_Squat"", ""force"": ""push"", ""mechanic"": ""compound"", ""level"": ""intermediate"", ""curated"": false}"
498,Lying One-Arm Lateral Raise,Exercise,"{""source_id"": ""Lying_One-Arm_Lateral_Raise"", ""force"": ""pull"", ""mechanic"": ""isolation"", ""level"": ""intermediate"", ""curated"": false}"
499,Lying Prone Quadriceps,Exercise,"{""source_id"": ""Lying_Prone_Quadriceps"", ""force"": null, ""mechanic"": null, ""level"": ""expert"", ""curated"": false}"
500,Lying Rear Delt Raise,Exercise,"{""source_id"": ""Lying_Rear_Delt_Raise"", ""force"": ""pull"", ""mechanic"": ""isolation"", ""level"": ""intermediate"", ""curated"": false}"
501,Lying Supine Dumbbell Curl,Exercise,"{""source_id"": ""Lying_Supine_Dumbbell_Curl"", ""force"": ""pull"", ""mechanic"": ""isolation"", ""level"": ""beginner"", ""curated"": false}"
502,Lying T-Bar Row,Exercise,"{""source_id"": ""Lying_T-Bar_Row"", ""force"": ""pull"", ""mechanic"": ""compound"", ""level"": ""intermediate"", ""curated"": false}"
503,Lying Triceps Press,Exercise,"{""source_id"": ""Lying_Triceps_Press"", ""force"": ""push"", ""mechanic"": ""isolation"", ""level"": ""intermediate"", ""curated"": false}"
504,Machine Bench Press,Exercise,"{""source_id"": ""Machine_Bench_Press"", ""force"": ""push"", ""mechanic"": ""compound"", ""level"": ""beginner"", ""curated"": false}"
505,Machine Bicep Curl,Exercise,"{""source_id"": ""Machine_Bicep_Curl"", ""force"": ""pull"", ""mechanic"": ""isolation"", ""level"": ""beginner"", ""curated"": false}"
506,Machine Preacher Curls,Exercise,"{""source_id"": ""Machine_Preacher_Curls"", ""force"": ""pull"", ""mechanic"": ""isolation"", ""level"": ""beginner"", ""curated"": false}"
507,Machine Shoulder (Military) Press,Exercise,"{""source_id"": ""Machine_Shoulder_Military_Press"", ""force"": ""push"", ""mechanic"": ""compound"", ""level"": ""beginner"", ""curated"": false}"
508,Machine Triceps Extension,Exercise,"{""source_id"": ""Machine_Triceps_Extension"", ""force"": ""push"", ""mechanic"": ""isolation"", ""level"": ""beginner"", ""curated"": false}"
509,Medicine Ball Chest Pass,Exercise,"{""source_id"": ""Medicine_Ball_Chest_Pass"", ""force"": ""push"", ""mechanic"": ""compound"", ""level"": ""beginner"", ""curated"": false}"
510,Medicine Ball Full Twist,Exercise,"{""source_id"": ""Medicine_Ball_Full_Twist"", ""force"": ""pull"", ""mechanic"": ""compound"", ""level"": ""beginner"", ""curated"": false}"
511,Medicine Ball Scoop Throw,Exercise,"{""source_id"": ""Medicine_Ball_Scoop_Throw"", ""force"": ""push"", ""mechanic"": ""compound"", ""level"": ""beginner"", ""curated"": false}"
512,Middle Back Shrug,Exercise,"{""source_id"": ""Middle_Back_Shrug"", ""force"": ""pull"", ""mechanic"": ""isolation"", ""level"": ""intermediate"", ""curated"": false}"
513,Middle Back Stretch,Exercise,"{""source_id"": ""Middle_Back_Stretch"", ""force"": ""static"", ""mechanic"": ""isolation"", ""level"": ""beginner"", ""curated"": false}"
514,Mixed Grip Chin,Exercise,"{""source_id"": ""Mixed_Grip_Chin"", ""force"": ""pull"", ""mechanic"": ""compound"", ""level"": ""expert"", ""curated"": false}"
515,Monster Walk,Exercise,"{""source_id"": ""Monster_Walk"", ""force"": ""pull"", ""mechanic"": ""compound"", ""level"": ""beginner"", ""curated"": false}"
516,Mountain Climbers,Exercise,"{""source_id"": ""Mountain_Climbers"", ""force"": ""pull"", ""mechanic"": ""compound"", ""level"": ""beginner"", ""curated"": false}"
517,Moving Claw Series,Exercise,"{""source_id"": ""Moving_Claw_Series"", ""force"": null, ""mechanic"": ""compound"", ""level"": ""beginner"", ""curated"": false}"
518,Muscle Snatch,Exercise,"{""source_id"": ""Muscle_Snatch"", ""force"": ""pull"", ""mechanic"": ""compound"", ""level"": ""intermediate"", ""curated"": false}"
519,Muscle Up,Exercise,"{""source_id"": ""Muscle_Up"", ""force"": ""pull"", ""mechanic"": ""compound"", ""level"": ""intermediate"", ""curated"": false}"
520,Narrow Stance Hack Squats,Exercise,"{""source_id"": ""Narrow_Stance_Hack_Squats"", ""force"": ""push"", ""mechanic"": ""compound"", ""level"": ""intermediate"", ""curated"": false}"
521,Narrow Stance Leg Press,Exercise,"{""source_id"": ""Narrow_Stance_Leg_Press"", ""force"": ""push"", ""mechanic"": ""compound"", ""level"": ""intermediate"", ""curated"": false}"
522,Narrow Stance Squats,Exercise,"{""source_id"": ""Narrow_Stance_Squats"", ""force"": ""push"", ""mechanic"": ""compound"", ""level"": ""intermediate"", ""curated"": false}"
523,Natural Glute Ham Raise,Exercise,"{""source_id"": ""Natural_Glute_Ham_Raise"", ""force"": ""pull"", ""mechanic"": ""compound"", ""level"": ""intermediate"", ""curated"": false}"
524,Neck-SMR,Exercise,"{""source_id"": ""Neck-SMR"", ""force"": ""static"", ""mechanic"": null, ""level"": ""intermediate"", ""curated"": false}"
525,Neck Press,Exercise,"{""source_id"": ""Neck_Press"", ""force"": ""push"", ""mechanic"": ""compound"", ""level"": ""intermediate"", ""curated"": false}"
526,Oblique Crunches,Exercise,"{""source_id"": ""Oblique_Crunches"", ""force"": ""pull"", ""mechanic"": ""isolation"", ""level"": ""beginner"", ""curated"": false}"
527,Oblique Crunches - On The Floor,Exercise,"{""source_id"": ""Oblique_Crunches_-_On_The_Floor"", ""force"": ""pull"", ""mechanic"": ""isolation"", ""level"": ""beginner"", ""curated"": false}"
528,Olympic Squat,Exercise,"{""source_id"": ""Olympic_Squat"", ""force"": ""push"", ""mechanic"": ""compound"", ""level"": ""intermediate"", ""curated"": false}"
529,On-Your-Back Quad Stretch,Exercise,"{""source_id"": ""On-Your-Back_Quad_Stretch"", ""force"": ""static"", ""mechanic"": ""isolation"", ""level"": ""beginner"", ""curated"": false}"
530,On Your Side Quad Stretch,Exercise,"{""source_id"": ""On_Your_Side_Quad_Stretch"", ""force"": ""static"", ""mechanic"": ""isolation"", ""level"": ""beginner"", ""curated"": false}"
531,One-Arm Dumbbell Row,Exercise,"{""source_id"": ""One-Arm_Dumbbell_Row"", ""force"": ""pull"", ""mechanic"": ""compound"", ""level"": ""beginner"", ""curated"": false}"
532,One-Arm Flat Bench Dumbbell Flye,Exercise,"{""source_id"": ""One-Arm_Flat_Bench_Dumbbell_Flye"", ""force"": ""push"", ""mechanic"": ""isolation"", ""level"": ""beginner"", ""curated"": false}"
533,One-Arm High-Pulley Cable Side Bends,Exercise,"{""source_id"": ""One-Arm_High-Pulley_Cable_Side_Bends"", ""force"": ""pull"", ""mechanic"": ""isolation"", ""level"": ""beginner"", ""curated"": false}"
534,One-Arm Incline Lateral Raise,Exercise,"{""source_id"": ""One-Arm_Incline_Lateral_Raise"", ""force"": ""push"", ""mechanic"": ""isolation"", ""level"": ""beginner"", ""curated"": false}"
535,One-Arm Kettlebell Clean,Exercise,"{""source_id"": ""One-Arm_Kettlebell_Clean"", ""force"": ""pull"", ""mechanic"": ""compound"", ""level"": ""intermediate"", ""curated"": false}"
536,One-Arm Kettlebell Clean and Jerk,Exercise,"{""source_id"": ""One-Arm_Kettlebell_Clean_and_Jerk"", ""force"": ""push"", ""mechanic"": ""compound"", ""level"": ""intermediate"", ""curated"": false}"
537,One-Arm Kettlebell Floor Press,Exercise,"{""source_id"": ""One-Arm_Kettlebell_Floor_Press"", ""force"": ""push"", ""mechanic"": ""compound"", ""level"": ""intermediate"", ""curated"": false}"
538,One-Arm Kettlebell Jerk,Exercise,"{""source_id"": ""One-Arm_Kettlebell_Jerk"", ""force"": ""push"", ""mechanic"": ""compound"", ""level"": ""intermediate"", ""curated"": false}"
539,One-Arm Kettlebell Military Press To The Side,Exercise,"{""source_id"": ""One-Arm_Kettlebell_Military_Press_To_The_Side"", ""force"": ""push"", ""mechanic"": ""compound"", ""level"": ""intermediate"", ""curated"": false}"
540,One-Arm Kettlebell Para Press,Exercise,"{""source_id"": ""One-Arm_Kettlebell_Para_Press"", ""force"": ""push"", ""mechanic"": ""compound"", ""level"": ""intermediate"", ""curated"": false}"
541,One-Arm Kettlebell Push Press,Exercise,"{""source_id"": ""One-Arm_Kettlebell_Push_Press"", ""force"": ""push"", ""mechanic"": ""compound"", ""level"": ""intermediate"", ""curated"": false}"
542,One-Arm Kettlebell Row,Exercise,"{""source_id"": ""One-Arm_Kettlebell_Row"", ""force"": ""pull"", ""mechanic"": ""compound"", ""level"": ""intermediate"", ""curated"": false}"
543,One-Arm Kettlebell Snatch,Exercise,"{""source_id"": ""One-Arm_Kettlebell_Snatch"", ""force"": ""pull"", ""mechanic"": ""compound"", ""level"": ""expert"", ""curated"": false}"
544,One-Arm Kettlebell Split Jerk,Exercise,"{""source_id"": ""One-Arm_Kettlebell_Split_Jerk"", ""force"": ""push"", ""mechanic"": ""compound"", ""level"": ""intermediate"", ""curated"": false}"
545,One-Arm Kettlebell Split Snatch,Exercise,"{""source_id"": ""One-Arm_Kettlebell_Split_Snatch"", ""force"": ""pull"", ""mechanic"": ""compound"", ""level"": ""expert"", ""curated"": false}"
546,One-Arm Kettlebell Swings,Exercise,"{""source_id"": ""One-Arm_Kettlebell_Swings"", ""force"": ""pull"", ""mechanic"": ""compound"", ""level"": ""intermediate"", ""curated"": false}"
547,One-Arm Long Bar Row,Exercise,"{""source_id"": ""One-Arm_Long_Bar_Row"", ""force"": ""pull"", ""mechanic"": ""compound"", ""level"": ""beginner"", ""curated"": false}"
548,One-Arm Medicine Ball Slam,Exercise,"{""source_id"": ""One-Arm_Medicine_Ball_Slam"", ""force"": ""pull"", ""mechanic"": ""compound"", ""level"": ""beginner"", ""curated"": false}"
549,One-Arm Open Palm Kettlebell Clean,Exercise,"{""source_id"": ""One-Arm_Open_Palm_Kettlebell_Clean"", ""force"": ""pull"", ""mechanic"": ""compound"", ""level"": ""intermediate"", ""curated"": false}"
550,One-Arm Overhead Kettlebell Squats,Exercise,"{""source_id"": ""One-Arm_Overhead_Kettlebell_Squats"", ""force"": ""push"", ""mechanic"": ""compound"", ""level"": ""expert"", ""curated"": false}"
551,One-Arm Side Deadlift,Exercise,"{""source_id"": ""One-Arm_Side_Deadlift"", ""force"": ""pull"", ""mechanic"": ""compound"", ""level"": ""expert"", ""curated"": false}"
552,One-Arm Side Laterals,Exercise,"{""source_id"": ""One-Arm_Side_Laterals"", ""force"": ""push"", ""mechanic"": ""isolation"", ""level"": ""beginner"", ""curated"": false}"
553,One-Legged Cable Kickback,Exercise,"{""source_id"": ""One-Legged_Cable_Kickback"", ""force"": ""push"", ""mechanic"": ""isolation"", ""level"": ""intermediate"", ""curated"": false}"
554,One Arm Against Wall,Exercise,"{""source_id"": ""One_Arm_Against_Wall"", ""force"": ""static"", ""mechanic"": ""isolation"", ""level"": ""beginner"", ""curated"": false}"
555,One Arm Chin-Up,Exercise,"{""source_id"": ""One_Arm_Chin-Up"", ""force"": ""pull"", ""mechanic"": ""compound"", ""level"": ""expert"", ""curated"": false}"
556,One Arm Dumbbell Bench Press,Exercise,"{""source_id"": ""One_Arm_Dumbbell_Bench_Press"", ""force"": ""push"", ""mechanic"": ""compound"", ""level"": ""beginner"", ""curated"": false}"
557,One Arm Dumbbell Preacher Curl,Exercise,"{""source_id"": ""One_Arm_Dumbbell_Preacher_Curl"", ""force"": ""pull"", ""mechanic"": ""isolation"", ""level"": ""beginner"", ""curated"": false}"
558,One Arm Floor Press,Exercise,"{""source_id"": ""One_Arm_Floor_Press"", ""force"": ""push"", ""mechanic"": ""compound"", ""level"": ""intermediate"", ""curated"": false}"
559,One Arm Lat Pulldown,Exercise,"{""source_id"": ""One_Arm_Lat_Pulldown"", ""force"": ""pull"", ""mechanic"": ""compound"", ""level"": ""beginner"", ""curated"": false}"
560,One Arm Pronated Dumbbell Triceps Extension,Exercise,"{""source_id"": ""One_Arm_Pronated_Dumbbell_Triceps_Extension"", ""force"": ""push"", ""mechanic"": ""isolation"", ""level"": ""beginner"", ""curated"": false}"
561,One Arm Supinated Dumbbell Triceps Extension,Exercise,"{""source_id"": ""One_Arm_Supinated_Dumbbell_Triceps_Extension"", ""force"": ""push"", ""mechanic"": ""isolation"", ""level"": ""beginner"", ""curated"": false}"
562,One Half Locust,Exercise,"{""source_id"": ""One_Half_Locust"", ""force"": ""static"", ""mechanic"": null, ""level"": ""beginner"", ""curated"": false}"
563,One Handed Hang,Exercise,"{""source_id"": ""One_Handed_Hang"", ""force"": ""static"", ""mechanic"": null, ""level"": ""beginner"", ""curated"": false}"
564,One Knee To Chest,Exercise,"{""source_id"": ""One_Knee_To_Chest"", ""force"": ""static"", ""mechanic"": ""compound"", ""level"": ""beginner"", ""curated"": false}"
565,One Leg Barbell Squat,Exercise,"{""source_id"": ""One_Leg_Barbell_Squat"", ""force"": ""push"", ""mechanic"": ""compound"", ""level"": ""expert"", ""curated"": false}"
566,Open Palm Kettlebell Clean,Exercise,"{""source_id"": ""Open_Palm_Kettlebell_Clean"", ""force"": ""pull"", ""mechanic"": ""compound"", ""level"": ""expert"", ""curated"": false}"
567,Otis-Up,Exercise,"{""source_id"": ""Otis-Up"", ""force"": ""pull"", ""mechanic"": ""compound"", ""level"": ""beginner"", ""curated"": false}"
568,Overhead Cable Curl,Exercise,"{""source_id"": ""Overhead_Cable_Curl"", ""force"": ""pull"", ""mechanic"": ""isolation"", ""level"": ""intermediate"", ""curated"": false}"
569,Overhead Lat,Exercise,"{""source_id"": ""Overhead_Lat"", ""force"": ""static"", ""mechanic"": null, ""level"": ""expert"", ""curated"": false}"
570,Overhead Slam,Exercise,"{""source_id"": ""Overhead_Slam"", ""force"": ""pull"", ""mechanic"": ""compound"", ""level"": ""beginner"", ""curated"": false}"
571,Overhead Squat,Exercise,"{""source_id"": ""Overhead_Squat"", ""force"": ""push"", ""mechanic"": ""compound"", ""level"": ""expert"", ""curated"": false}"
572,Overhead Stretch,Exercise,"{""source_id"": ""Overhead_Stretch"", ""force"": ""static"", ""mechanic"": ""compound"", ""level"": ""beginner"", ""curated"": false}"
573,Overhead Triceps,Exercise,"{""source_id"": ""Overhead_Triceps"", ""force"": ""static"", ""mechanic"": null, ""level"": ""expert"", ""curated"": false}"
574,Pallof Press,Exercise,"{""source_id"": ""Pallof_Press"", ""force"": ""pull"", ""mechanic"": ""isolation"", ""level"": ""beginner"", ""curated"": false}"
575,Pallof Press With Rotation,Exercise,"{""source_id"": ""Pallof_Press_With_Rotation"", ""force"": ""pull"", ""mechanic"": ""compound"", ""level"": ""beginner"", ""curated"": false}"
576,Palms-Down Dumbbell Wrist Curl Over A Bench,Exercise,"{""source_id"": ""Palms-Down_Dumbbell_Wrist_Curl_Over_A_Bench"", ""force"": ""pull"", ""mechanic"": ""isolation"", ""level"": ""beginner"", ""curated"": false}"
577,Palms-Down Wrist Curl Over A Bench,Exercise,"{""source_id"": ""Palms-Down_Wrist_Curl_Over_A_Bench"", ""force"": ""pull"", ""mechanic"": ""isolation"", ""level"": ""beginner"", ""curated"": false}"
578,Palms-Up Barbell Wrist Curl Over A Bench,Exercise,"{""source_id"": ""Palms-Up_Barbell_Wrist_Curl_Over_A_Bench"", ""force"": ""pull"", ""mechanic"": ""isolation"", ""level"": ""beginner"", ""curated"": false}"
579,Palms-Up Dumbbell Wrist Curl Over A Bench,Exercise,"{""source_id"": ""Palms-Up_Dumbbell_Wrist_Curl_Over_A_Bench"", ""force"": ""pull"", ""mechanic"": ""isolation"", ""level"": ""beginner"", ""curated"": false}"
580,Parallel Bar Dip,Exercise,"{""source_id"": ""Parallel_Bar_Dip"", ""force"": ""push"", ""mechanic"": ""compound"", ""level"": ""beginner"", ""curated"": false}"
581,Pelvic Tilt Into Bridge,Exercise,"{""source_id"": ""Pelvic_Tilt_Into_Bridge"", ""force"": ""static"", ""mechanic"": ""compound"", ""level"": ""intermediate"", ""curated"": false}"
582,Peroneals-SMR,Exercise,"{""source_id"": ""Peroneals-SMR"", ""force"": ""static"", ""mechanic"": null, ""level"": ""intermediate"", ""curated"": false}"
583,Peroneals Stretch,Exercise,"{""source_id"": ""Peroneals_Stretch"", ""force"": ""static"", ""mechanic"": null, ""level"": ""intermediate"", ""curated"": false}"
584,Physioball Hip Bridge,Exercise,"{""source_id"": ""Physioball_Hip_Bridge"", ""force"": ""push"", ""mechanic"": ""compound"", ""level"": ""beginner"", ""curated"": false}"
585,Pin Presses,Exercise,"{""source_id"": ""Pin_Presses"", ""force"": ""push"", ""mechanic"": ""compound"", ""level"": ""intermediate"", ""curated"": false}"
586,Piriformis-SMR,Exercise,"{""source_id"": ""Piriformis-SMR"", ""force"": ""static"", ""mechanic"": ""isolation"", ""level"": ""intermediate"", ""curated"": false}"
587,Plank,Exercise,"{""source_id"": ""Plank"", ""force"": ""static"", ""mechanic"": ""isolation"", ""level"": ""beginner"", ""curated"": false}"
588,Plate Pinch,Exercise,"{""source_id"": ""Plate_Pinch"", ""force"": ""static"", ""mechanic"": ""isolation"", ""level"": ""intermediate"", ""curated"": false}"
589,Plate Twist,Exercise,"{""source_id"": ""Plate_Twist"", ""force"": ""pull"", ""mechanic"": ""compound"", ""level"": ""intermediate"", ""curated"": false}"
590,Platform Hamstring Slides,Exercise,"{""source_id"": ""Platform_Hamstring_Slides"", ""force"": ""pull"", ""mechanic"": ""isolation"", ""level"": ""beginner"", ""curated"": false}"
591,Plie Dumbbell Squat,Exercise,"{""source_id"": ""Plie_Dumbbell_Squat"", ""force"": ""push"", ""mechanic"": ""compound"", ""level"": ""beginner"", ""curated"": false}"
592,Plyo Kettlebell Pushups,Exercise,"{""source_id"": ""Plyo_Kettlebell_Pushups"", ""force"": ""push"", ""mechanic"": ""compound"", ""level"": ""expert"", ""curated"": false}"
593,Plyo Push-up,Exercise,"{""source_id"": ""Plyo_Push-up"", ""force"": ""push"", ""mechanic"": ""compound"", ""level"": ""beginner"", ""curated"": false}"
594,Posterior Tibialis Stretch,Exercise,"{""source_id"": ""Posterior_Tibialis_Stretch"", ""force"": ""static"", ""mechanic"": null, ""level"": ""intermediate"", ""curated"": false}"
595,Power Clean,Exercise,"{""source_id"": ""Power_Clean"", ""force"": ""pull"", ""mechanic"": ""compound"", ""level"": ""intermediate"", ""curated"": false}"
596,Power Clean from Blocks,Exercise,"{""source_id"": ""Power_Clean_from_Blocks"", ""force"": ""pull"", ""mechanic"": ""compound"", ""level"": ""intermediate"", ""curated"": false}"
597,Power Jerk,Exercise,"{""source_id"": ""Power_Jerk"", ""force"": ""push"", ""mechanic"": ""compound"", ""level"": ""expert"", ""curated"": false}"
598,Power Partials,Exercise,"{""source_id"": ""Power_Partials"", ""force"": ""push"", ""mechanic"": ""isolation"", ""level"": ""beginner"", ""curated"": false}"
599,Power Snatch,Exercise,"{""source_id"": ""Power_Snatch"", ""force"": ""pull"", ""mechanic"": ""compound"", ""level"": ""expert"", ""curated"": false}"
600,Power Snatch from Blocks,Exercise,"{""source_id"": ""Power_Snatch_from_Blocks"", ""force"": ""pull"", ""mechanic"": ""compound"", ""level"": ""intermediate"", ""curated"": false}"
601,Power Stairs,Exercise,"{""source_id"": ""Power_Stairs"", ""force"": ""pull"", ""mechanic"": ""compound"", ""level"": ""intermediate"", ""curated"": false}"
602,Preacher Curl,Exercise,"{""source_id"": ""Preacher_Curl"", ""force"": ""pull"", ""mechanic"": ""isolation"", ""level"": ""beginner"", ""curated"": false}"
603,Preacher Hammer Dumbbell Curl,Exercise,"{""source_id"": ""Preacher_Hammer_Dumbbell_Curl"", ""force"": ""pull"", ""mechanic"": ""isolation"", ""level"": ""beginner"", ""curated"": false}"
604,Press Sit-Up,Exercise,"{""source_id"": ""Press_Sit-Up"", ""force"": ""push"", ""mechanic"": ""compound"", ""level"": ""expert"", ""curated"": false}"
605,Prone Manual Hamstring,Exercise,"{""source_id"": ""Prone_Manual_Hamstring"", ""force"": ""static"", ""mechanic"": ""isolation"", ""level"": ""beginner"", ""curated"": false}"
606,Prowler Sprint,Exercise,"{""source_id"": ""Prowler_Sprint"", ""force"": ""push"", ""mechanic"": ""compound"", ""level"": ""beginner"", ""curated"": false}"
607,Pull Through,Exercise,"{""source_id"": ""Pull_Through"", ""force"": ""pull"", ""mechanic"": ""compound"", ""level"": ""beginner"", ""curated"": false}"
608,Pullups,Exercise,"{""source_id"": ""Pullups"", ""force"": ""pull"", ""mechanic"": ""compound"", ""level"": ""beginner"", ""curated"": false}"
609,Push-Up Wide,Exercise,"{""source_id"": ""Push-Up_Wide"", ""force"": null, ""mechanic"": ""compound"", ""level"": ""beginner"", ""curated"": false}"
610,Push-Ups - Close Triceps Position,Exercise,"{""source_id"": ""Push-Ups_-_Close_Triceps_Position"", ""force"": ""push"", ""mechanic"": ""compound"", ""level"": ""intermediate"", ""curated"": false}"
611,Push-Ups With Feet Elevated,Exercise,"{""source_id"": ""Push-Ups_With_Feet_Elevated"", ""force"": ""push"", ""mechanic"": ""compound"", ""level"": ""beginner"", ""curated"": false}"
612,Push-Ups With Feet On An Exercise Ball,Exercise,"{""source_id"": ""Push-Ups_With_Feet_On_An_Exercise_Ball"", ""force"": ""push"", ""mechanic"": ""compound"", ""level"": ""intermediate"", ""curated"": false}"
613,Push Press,Exercise,"{""source_id"": ""Push_Press"", ""force"": ""push"", ""mechanic"": ""compound"", ""level"": ""expert"", ""curated"": false}"
614,Push Press - Behind the Neck,Exercise,"{""source_id"": ""Push_Press_-_Behind_the_Neck"", ""force"": ""push"", ""mechanic"": ""compound"", ""level"": ""intermediate"", ""curated"": false}"
615,Push Up to Side Plank,Exercise,"{""source_id"": ""Push_Up_to_Side_Plank"", ""force"": ""push"", ""mechanic"": ""compound"", ""level"": ""beginner"", ""curated"": false}"
616,Pushups,Exercise,"{""source_id"": ""Pushups"", ""force"": ""push"", ""mechanic"": ""compound"", ""level"": ""beginner"", ""curated"": false}"
617,Pushups (Close and Wide Hand Positions),Exercise,"{""source_id"": ""Pushups_Close_and_Wide_Hand_Positions"", ""force"": ""push"", ""mechanic"": ""compound"", ""level"": ""beginner"", ""curated"": false}"
618,Pyramid,Exercise,"{""source_id"": ""Pyramid"", ""force"": ""static"", ""mechanic"": null, ""level"": ""beginner"", ""curated"": false}"
619,Quad Stretch,Exercise,"{""source_id"": ""Quad_Stretch"", ""force"": ""static"", ""mechanic"": null, ""level"": ""intermediate"", ""curated"": false}"
620,Quadriceps-SMR,Exercise,"{""source_id"": ""Quadriceps-SMR"", ""force"": ""static"", ""mechanic"": ""isolation"", ""level"": ""intermediate"", ""curated"": false}"
621,Quick Leap,Exercise,"{""source_id"": ""Quick_Leap"", ""force"": ""push"", ""mechanic"": ""compound"", ""level"": ""beginner"", ""curated"": false}"
622,Rack Delivery,Exercise,"{""source_id"": ""Rack_Delivery"", ""force"": ""pull"", ""mechanic"": ""compound"", ""level"": ""intermediate"", ""curated"": false}"
623,Rack Pull with Bands,Exercise,"{""source_id"": ""Rack_Pull_with_Bands"", ""force"": ""pull"", ""mechanic"": ""compound"", ""level"": ""intermediate"", ""curated"": false}"
624,Rack Pulls,Exercise,"{""source_id"": ""Rack_Pulls"", ""force"": ""pull"", ""mechanic"": ""compound"", ""level"": ""intermediate"", ""curated"": false}"
625,Rear Leg Raises,Exercise,"{""source_id"": ""Rear_Leg_Raises"", ""force"": ""push"", ""mechanic"": null, ""level"": ""beginner"", ""curated"": false}"
626,Recumbent Bike,Exercise,"{""source_id"": ""Recumbent_Bike"", ""force"": null, ""mechanic"": null, ""level"": ""beginner"", ""curated"": false}"
627,Return Push from Stance,Exercise,"{""source_id"": ""Return_Push_from_Stance"", ""force"": ""push"", ""mechanic"": ""compound"", ""level"": ""beginner"", ""curated"": false}"
628,Reverse Band Bench Press,Exercise,"{""source_id"": ""Reverse_Band_Bench_Press"", ""force"": ""push"", ""mechanic"": ""compound"", ""level"": ""intermediate"", ""curated"": false}"
629,Reverse Band Box Squat,Exercise,"{""source_id"": ""Reverse_Band_Box_Squat"", ""force"": ""push"", ""mechanic"": ""compound"", ""level"": ""intermediate"", ""curated"": false}"
630,Reverse Band Deadlift,Exercise,"{""source_id"": ""Reverse_Band_Deadlift"", ""force"": ""pull"", ""mechanic"": ""compound"", ""level"": ""expert"", ""curated"": false}"
631,Reverse Band Power Squat,Exercise,"{""source_id"": ""Reverse_Band_Power_Squat"", ""force"": ""push"", ""mechanic"": ""compound"", ""level"": ""expert"", ""curated"": false}"
632,Reverse Band Sumo Deadlift,Exercise,"{""source_id"": ""Reverse_Band_Sumo_Deadlift"", ""force"": ""pull"", ""mechanic"": ""compound"", ""level"": ""expert"", ""curated"": false}"
633,Reverse Barbell Curl,Exercise,"{""source_id"": ""Reverse_Barbell_Curl"", ""force"": ""pull"", ""mechanic"": ""isolation"", ""level"": ""beginner"", ""curated"": false}"
634,Reverse Barbell Preacher Curls,Exercise,"{""source_id"": ""Reverse_Barbell_Preacher_Curls"", ""force"": ""pull"", ""mechanic"": ""isolation"", ""level"": ""intermediate"", ""curated"": false}"
635,Reverse Cable Curl,Exercise,"{""source_id"": ""Reverse_Cable_Curl"", ""force"": ""pull"", ""mechanic"": ""isolation"", ""level"": ""beginner"", ""curated"": false}"
636,Reverse Crunch,Exercise,"{""source_id"": ""Reverse_Crunch"", ""force"": ""pull"", ""mechanic"": ""isolation"", ""level"": ""beginner"", ""curated"": false}"
637,Reverse Flyes,Exercise,"{""source_id"": ""Reverse_Flyes"", ""force"": ""pull"", ""mechanic"": ""isolation"", ""level"": ""beginner"", ""curated"": false}"
638,Reverse Flyes With External Rotation,Exercise,"{""source_id"": ""Reverse_Flyes_With_External_Rotation"", ""force"": ""pull"", ""mechanic"": ""isolation"", ""level"": ""intermediate"", ""curated"": false}"
639,Reverse Grip Bent-Over Rows,Exercise,"{""source_id"": ""Reverse_Grip_Bent-Over_Rows"", ""force"": ""pull"", ""mechanic"": ""compound"", ""level"": ""intermediate"", ""curated"": false}"
640,Reverse Grip Triceps Pushdown,Exercise,"{""source_id"": ""Reverse_Grip_Triceps_Pushdown"", ""force"": ""push"", ""mechanic"": ""isolation"", ""level"": ""beginner"", ""curated"": false}"
641,Reverse Hyperextension,Exercise,"{""source_id"": ""Reverse_Hyperextension"", ""force"": ""pull"", ""mechanic"": null, ""level"": ""intermediate"", ""curated"": false}"
642,Reverse Machine Flyes,Exercise,"{""source_id"": ""Reverse_Machine_Flyes"", ""force"": ""pull"", ""mechanic"": ""isolation"", ""level"": ""beginner"", ""curated"": false}"
643,Reverse Plate Curls,Exercise,"{""source_id"": ""Reverse_Plate_Curls"", ""force"": ""pull"", ""mechanic"": ""isolation"", ""level"": ""beginner"", ""curated"": false}"
644,Reverse Triceps Bench Press,Exercise,"{""source_id"": ""Reverse_Triceps_Bench_Press"", ""force"": ""push"", ""mechanic"": ""compound"", ""level"": ""intermediate"", ""curated"": false}"
645,Rhomboids-SMR,Exercise,"{""source_id"": ""Rhomboids-SMR"", ""force"": ""static"", ""mechanic"": null, ""level"": ""intermediate"", ""curated"": false}"
646,Rickshaw Carry,Exercise,"{""source_id"": ""Rickshaw_Carry"", ""force"": null, ""mechanic"": ""compound"", ""level"": ""intermediate"", ""curated"": false}"
647,Rickshaw Deadlift,Exercise,"{""source_id"": ""Rickshaw_Deadlift"", ""force"": ""pull"", ""mechanic"": ""compound"", ""level"": ""intermediate"", ""curated"": false}"
648,Ring Dips,Exercise,"{""source_id"": ""Ring_Dips"", ""force"": ""push"", ""mechanic"": ""compound"", ""level"": ""intermediate"", ""curated"": false}"
649,Rocket Jump,Exercise,"{""source_id"": ""Rocket_Jump"", ""force"": ""push"", ""mechanic"": ""compound"", ""level"": ""beginner"", ""curated"": false}"
650,Rocking Standing Calf Raise,Exercise,"{""source_id"": ""Rocking_Standing_Calf_Raise"", ""force"": ""push"", ""mechanic"": ""isolation"", ""level"": ""beginner"", ""curated"": false}"
651,Rocky Pull-Ups/Pulldowns,Exercise,"{""source_id"": ""Rocky_Pull-Ups_Pulldowns"", ""force"": ""pull"", ""mechanic"": ""compound"", ""level"": ""intermediate"", ""curated"": false}"
652,Romanian Deadlift,Exercise,"{""source_id"": ""Romanian_Deadlift"", ""force"": ""pull"", ""mechanic"": ""compound"", ""level"": ""intermediate"", ""curated"": false}"
653,Romanian Deadlift from Deficit,Exercise,"{""source_id"": ""Romanian_Deadlift_from_Deficit"", ""force"": ""pull"", ""mechanic"": ""compound"", ""level"": ""intermediate"", ""curated"": false}"
654,Rope Climb,Exercise,"{""source_id"": ""Rope_Climb"", ""force"": ""pull"", ""mechanic"": ""compound"", ""level"": ""intermediate"", ""curated"": false}"
655,Rope Crunch,Exercise,"{""source_id"": ""Rope_Crunch"", ""force"": ""pull"", ""mechanic"": ""isolation"", ""level"": ""beginner"", ""curated"": false}"
656,Rope Jumping,Exercise,"{""source_id"": ""Rope_Jumping"", ""force"": null, ""mechanic"": null, ""level"": ""intermediate"", ""curated"": false}"
657,Rope Straight-Arm Pulldown,Exercise,"{""source_id"": ""Rope_Straight-Arm_Pulldown"", ""force"": ""pull"", ""mechanic"": ""isolation"", ""level"": ""beginner"", ""curated"": false}"
658,Round The World Shoulder Stretch,Exercise,"{""source_id"": ""Round_The_World_Shoulder_Stretch"", ""force"": ""static"", ""mechanic"": null, ""level"": ""beginner"", ""curated"": false}"
659,"Rowing, Stationary",Exercise,"{""source_id"": ""Rowing_Stationary"", ""force"": null, ""mechanic"": null, ""level"": ""intermediate"", ""curated"": false}"
660,Runner's Stretch,Exercise,"{""source_id"": ""Runners_Stretch"", ""force"": ""static"", ""mechanic"": null, ""level"": ""beginner"", ""curated"": false}"
661,"Running, Treadmill",Exercise,"{""source_id"": ""Running_Treadmill"", ""force"": null, ""mechanic"": null, ""level"": ""beginner"", ""curated"": false}"
662,Russian Twist,Exercise,"{""source_id"": ""Russian_Twist"", ""force"": ""pull"", ""mechanic"": ""compound"", ""level"": ""intermediate"", ""curated"": false}"
663,Sandbag Load,Exercise,"{""source_id"": ""Sandbag_Load"", ""force"": ""pull"", ""mechanic"": ""compound"", ""level"": ""beginner"", ""curated"": false}"
664,Scapular Pull-Up,Exercise,"{""source_id"": ""Scapular_Pull-Up"", ""force"": ""pull"", ""mechanic"": ""isolation"", ""level"": ""beginner"", ""curated"": false}"
665,Scissor Kick,Exercise,"{""source_id"": ""Scissor_Kick"", ""force"": ""pull"", ""mechanic"": ""isolation"", ""level"": ""beginner"", ""curated"": false}"
666,Scissors Jump,Exercise,"{""source_id"": ""Scissors_Jump"", ""force"": ""push"", ""mechanic"": ""compound"", ""level"": ""beginner"", ""curated"": false}"
667,Seated Band Hamstring Curl,Exercise,"{""source_id"": ""Seated_Band_Hamstring_Curl"", ""force"": ""pull"", ""mechanic"": ""isolation"", ""level"": ""beginner"", ""curated"": false}"
668,Seated Barbell Military Press,Exercise,"{""source_id"": ""Seated_Barbell_Military_Press"", ""force"": ""push"", ""mechanic"": ""compound"", ""level"": ""intermediate"", ""curated"": false}"
669,Seated Barbell Twist,Exercise,"{""source_id"": ""Seated_Barbell_Twist"", ""force"": ""pull"", ""mechanic"": ""isolation"", ""level"": ""beginner"", ""curated"": false}"
670,Seated Bent-Over One-Arm Dumbbell Triceps Extension,Exercise,"{""source_id"": ""Seated_Bent-Over_One-Arm_Dumbbell_Triceps_Extension"", ""force"": ""push"", ""mechanic"": ""isolation"", ""level"": ""beginner"", ""curated"": false}"
671,Seated Bent-Over Rear Delt Raise,Exercise,"{""source_id"": ""Seated_Bent-Over_Rear_Delt_Raise"", ""force"": ""pull"", ""mechanic"": ""isolation"", ""level"": ""intermediate"", ""curated"": false}"
672,Seated Bent-Over Two-Arm Dumbbell Triceps Extension,Exercise,"{""source_id"": ""Seated_Bent-Over_Two-Arm_Dumbbell_Triceps_Extension"", ""force"": ""push"", ""mechanic"": ""isolation"", ""level"": ""intermediate"", ""curated"": false}"
673,Seated Biceps,Exercise,"{""source_id"": ""Seated_Biceps"", ""force"": ""static"", ""mechanic"": ""isolation"", ""level"": ""expert"", ""curated"": false}"
674,Seated Cable Rows,Exercise,"{""source_id"": ""Seated_Cable_Rows"", ""force"": ""pull"", ""mechanic"": ""compound"", ""level"": ""beginner"", ""curated"": false}"
675,Seated Cable Shoulder Press,Exercise,"{""source_id"": ""Seated_Cable_Shoulder_Press"", ""force"": ""push"", ""mechanic"": ""compound"", ""level"": ""beginner"", ""curated"": false}"
676,Seated Calf Raise,Exercise,"{""source_id"": ""Seated_Calf_Raise"", ""force"": ""push"", ""mechanic"": ""isolation"", ""level"": ""beginner"", ""curated"": false}"
677,Seated Calf Stretch,Exercise,"{""source_id"": ""Seated_Calf_Stretch"", ""force"": ""static"", ""mechanic"": null, ""level"": ""beginner"", ""curated"": false}"
678,Seated Close-Grip Concentration Barbell Curl,Exercise,"{""source_id"": ""Seated_Close-Grip_Concentration_Barbell_Curl"", ""force"": ""pull"", ""mechanic"": ""isolation"", ""level"": ""intermediate"", ""curated"": false}"
679,Seated Dumbbell Curl,Exercise,"{""source_id"": ""Seated_Dumbbell_Curl"", ""force"": ""pull"", ""mechanic"": ""isolation"", ""level"": ""beginner"", ""curated"": false}"
680,Seated Dumbbell Inner Biceps Curl,Exercise,"{""source_id"": ""Seated_Dumbbell_Inner_Biceps_Curl"", ""force"": ""pull"", ""mechanic"": ""isolation"", ""level"": ""beginner"", ""curated"": false}"
681,Seated Dumbbell Palms-Down Wrist Curl,Exercise,"{""source_id"": ""Seated_Dumbbell_Palms-Down_Wrist_Curl"", ""force"": ""pull"", ""mechanic"": ""isolation"", ""level"": ""beginner"", ""curated"": false}"
682,Seated Dumbbell Palms-Up Wrist Curl,Exercise,"{""source_id"": ""Seated_Dumbbell_Palms-Up_Wrist_Curl"", ""force"": ""pull"", ""mechanic"": ""isolation"", ""level"": ""beginner"", ""curated"": false}"
683,Seated Dumbbell Press,Exercise,"{""source_id"": ""Seated_Dumbbell_Press"", ""force"": ""push"", ""mechanic"": ""compound"", ""level"": ""beginner"", ""curated"": false}"
684,Seated Flat Bench Leg Pull-In,Exercise,"{""source_id"": ""Seated_Flat_Bench_Leg_Pull-In"", ""force"": ""pull"", ""mechanic"": ""compound"", ""level"": ""beginner"", ""curated"": false}"
685,Seated Floor Hamstring Stretch,Exercise,"{""source_id"": ""Seated_Floor_Hamstring_Stretch"", ""force"": ""static"", ""mechanic"": null, ""level"": ""beginner"", ""curated"": false}"
686,Seated Front Deltoid,Exercise,"{""source_id"": ""Seated_Front_Deltoid"", ""force"": ""static"", ""mechanic"": null, ""level"": ""expert"", ""curated"": false}"
687,Seated Glute,Exercise,"{""source_id"": ""Seated_Glute"", ""force"": ""static"", ""mechanic"": null, ""level"": ""expert"", ""curated"": false}"
688,Seated Good Mornings,Exercise,"{""source_id"": ""Seated_Good_Mornings"", ""force"": ""pull"", ""mechanic"": ""compound"", ""level"": ""intermediate"", ""curated"": false}"
689,Seated Hamstring,Exercise,"{""source_id"": ""Seated_Hamstring"", ""force"": ""static"", ""mechanic"": null, ""level"": ""expert"", ""curated"": false}"
690,Seated Hamstring and Calf Stretch,Exercise,"{""source_id"": ""Seated_Hamstring_and_Calf_Stretch"", ""force"": ""static"", ""mechanic"": null, ""level"": ""intermediate"", ""curated"": false}"
691,Seated Head Harness Neck Resistance,Exercise,"{""source_id"": ""Seated_Head_Harness_Neck_Resistance"", ""force"": ""pull"", ""mechanic"": ""isolation"", ""level"": ""intermediate"", ""curated"": false}"
692,Seated Leg Curl,Exercise,"{""source_id"": ""Seated_Leg_Curl"", ""force"": ""pull"", ""mechanic"": ""isolation"", ""level"": ""beginner"", ""curated"": false}"
693,Seated Leg Tucks,Exercise,"{""source_id"": ""Seated_Leg_Tucks"", ""force"": ""pull"", ""mechanic"": ""isolation"", ""level"": ""beginner"", ""curated"": false}"
694,Seated One-Arm Dumbbell Palms-Down Wrist Curl,Exercise,"{""source_id"": ""Seated_One-Arm_Dumbbell_Palms-Down_Wrist_Curl"", ""force"": ""pull"", ""mechanic"": ""isolation"", ""level"": ""intermediate"", ""curated"": false}"
695,Seated One-Arm Dumbbell Palms-Up Wrist Curl,Exercise,"{""source_id"": ""Seated_One-Arm_Dumbbell_Palms-Up_Wrist_Curl"", ""force"": ""pull"", ""mechanic"": ""isolation"", ""level"": ""beginner"", ""curated"": false}"
696,Seated One-arm Cable Pulley Rows,Exercise,"{""source_id"": ""Seated_One-arm_Cable_Pulley_Rows"", ""force"": ""pull"", ""mechanic"": ""compound"", ""level"": ""intermediate"", ""curated"": false}"
697,Seated Overhead Stretch,Exercise,"{""source_id"": ""Seated_Overhead_Stretch"", ""force"": ""static"", ""mechanic"": ""isolation"", ""level"": ""beginner"", ""curated"": false}"
698,Seated Palm-Up Barbell Wrist Curl,Exercise,"{""source_id"": ""Seated_Palm-Up_Barbell_Wrist_Curl"", ""force"": ""pull"", ""mechanic"": ""isolation"", ""level"": ""beginner"", ""curated"": false}"
699,Seated Palms-Down Barbell Wrist Curl,Exercise,"{""source_id"": ""Seated_Palms-Down_Barbell_Wrist_Curl"", ""force"": ""pull"", ""mechanic"": ""isolation"", ""level"": ""beginner"", ""curated"": false}"
700,Seated Side Lateral Raise,Exercise,"{""source_id"": ""Seated_Side_Lateral_Raise"", ""force"": ""push"", ""mechanic"": ""isolation"", ""level"": ""beginner"", ""curated"": false}"
701,Seated Triceps Press,Exercise,"{""source_id"": ""Seated_Triceps_Press"", ""force"": ""push"", ""mechanic"": ""isolation"", ""level"": ""beginner"", ""curated"": false}"
702,Seated Two-Arm Palms-Up Low-Pulley Wrist Curl,Exercise,"{""source_id"": ""Seated_Two-Arm_Palms-Up_Low-Pulley_Wrist_Curl"", ""force"": ""pull"", ""mechanic"": ""isolation"", ""level"": ""beginner"", ""curated"": false}"
703,See-Saw Press (Alternating Side Press),Exercise,"{""source_id"": ""See-Saw_Press_Alternating_Side_Press"", ""force"": ""push"", ""mechanic"": ""compound"", ""level"": ""intermediate"", ""curated"": false}"
704,Shotgun Row,Exercise,"{""source_id"": ""Shotgun_Row"", ""force"": ""pull"", ""mechanic"": ""compound"", ""level"": ""beginner"", ""curated"": false}"
705,Shoulder Circles,Exercise,"{""source_id"": ""Shoulder_Circles"", ""force"": ""pull"", ""mechanic"": null, ""level"": ""beginner"", ""curated"": false}"
706,Shoulder Press - With Bands,Exercise,"{""source_id"": ""Shoulder_Press_-_With_Bands"", ""force"": ""push"", ""mechanic"": ""compound"", ""level"": ""beginner"", ""curated"": false}"
707,Shoulder Raise,Exercise,"{""source_id"": ""Shoulder_Raise"", ""force"": ""pull"", ""mechanic"": null, ""level"": ""beginner"", ""curated"": false}"
708,Shoulder Stretch,Exercise,"{""source_id"": ""Shoulder_Stretch"", ""force"": ""pull"", ""mechanic"": null, ""level"": ""beginner"", ""curated"": false}"
709,Side-Lying Floor Stretch,Exercise,"{""source_id"": ""Side-Lying_Floor_Stretch"", ""force"": ""static"", ""mechanic"": null, ""level"": ""beginner"", ""curated"": false}"
710,Side Bridge,Exercise,"{""source_id"": ""Side_Bridge"", ""force"": ""static"", ""mechanic"": null, ""level"": ""beginner"", ""curated"": false}"
711,Side Hop-Sprint,Exercise,"{""source_id"": ""Side_Hop-Sprint"", ""force"": ""push"", ""mechanic"": ""compound"", ""level"": ""beginner"", ""curated"": false}"
712,Side Jackknife,Exercise,"{""source_id"": ""Side_Jackknife"", ""force"": ""pull"", ""mechanic"": ""compound"", ""level"": ""beginner"", ""curated"": false}"
713,Side Lateral Raise,Exercise,"{""source_id"": ""Side_Lateral_Raise"", ""force"": ""push"", ""mechanic"": ""isolation"", ""level"": ""beginner"", ""curated"": false}"
714,Side Laterals to Front Raise,Exercise,"{""source_id"": ""Side_Laterals_to_Front_Raise"", ""force"": ""push"", ""mechanic"": ""isolation"", ""level"": ""beginner"", ""curated"": false}"
715,Side Leg Raises,Exercise,"{""source_id"": ""Side_Leg_Raises"", ""force"": ""pull"", ""mechanic"": null, ""level"": ""beginner"", ""curated"": false}"
716,Side Lying Groin Stretch,Exercise,"{""source_id"": ""Side_Lying_Groin_Stretch"", ""force"": ""static"", ""mechanic"": ""isolation"", ""level"": ""beginner"", ""curated"": false}"
717,Side Neck Stretch,Exercise,"{""source_id"": ""Side_Neck_Stretch"", ""force"": ""static"", ""mechanic"": ""isolation"", ""level"": ""beginner"", ""curated"": false}"
718,Side Standing Long Jump,Exercise,"{""source_id"": ""Side_Standing_Long_Jump"", ""force"": ""push"", ""mechanic"": ""compound"", ""level"": ""beginner"", ""curated"": false}"
719,Side To Side Chins,Exercise,"{""source_id"": ""Side_To_Side_Chins"", ""force"": ""pull"", ""mechanic"": ""compound"", ""level"": ""intermediate"", ""curated"": false}"
720,Side Wrist Pull,Exercise,"{""source_id"": ""Side_Wrist_Pull"", ""force"": ""static"", ""mechanic"": ""isolation"", ""level"": ""beginner"", ""curated"": false}"
721,Side to Side Box Shuffle,Exercise,"{""source_id"": ""Side_to_Side_Box_Shuffle"", ""force"": ""push"", ""mechanic"": ""compound"", ""level"": ""beginner"", ""curated"": false}"
722,Single-Arm Cable Crossover,Exercise,"{""source_id"": ""Single-Arm_Cable_Crossover"", ""force"": ""push"", ""mechanic"": ""isolation"", ""level"": ""beginner"", ""curated"": false}"
723,Single-Arm Linear Jammer,Exercise,"{""source_id"": ""Single-Arm_Linear_Jammer"", ""force"": ""push"", ""mechanic"": ""compound"", ""level"": ""intermediate"", ""curated"": false}"
724,Single-Arm Push-Up,Exercise,"{""source_id"": ""Single-Arm_Push-Up"", ""force"": ""push"", ""mechanic"": ""compound"", ""level"": ""intermediate"", ""curated"": false}"
725,Single-Cone Sprint Drill,Exercise,"{""source_id"": ""Single-Cone_Sprint_Drill"", ""force"": ""push"", ""mechanic"": null, ""level"": ""beginner"", ""curated"": false}"
726,Single-Leg High Box Squat,Exercise,"{""source_id"": ""Single-Leg_High_Box_Squat"", ""force"": ""push"", ""mechanic"": ""compound"", ""level"": ""beginner"", ""curated"": false}"
727,Single-Leg Hop Progression,Exercise,"{""source_id"": ""Single-Leg_Hop_Progression"", ""force"": ""push"", ""mechanic"": ""compound"", ""level"": ""beginner"", ""curated"": false}"
728,Single-Leg Lateral Hop,Exercise,"{""source_id"": ""Single-Leg_Lateral_Hop"", ""force"": ""push"", ""mechanic"": ""compound"", ""level"": ""beginner"", ""curated"": false}"
729,Single-Leg Leg Extension,Exercise,"{""source_id"": ""Single-Leg_Leg_Extension"", ""force"": ""push"", ""mechanic"": ""isolation"", ""level"": ""beginner"", ""curated"": false}"
730,Single-Leg Stride Jump,Exercise,"{""source_id"": ""Single-Leg_Stride_Jump"", ""force"": ""push"", ""mechanic"": ""compound"", ""level"": ""beginner"", ""curated"": false}"
731,Single Dumbbell Raise,Exercise,"{""source_id"": ""Single_Dumbbell_Raise"", ""force"": null, ""mechanic"": ""isolation"", ""level"": ""beginner"", ""curated"": false}"
732,Single Leg Butt Kick,Exercise,"{""source_id"": ""Single_Leg_Butt_Kick"", ""force"": ""push"", ""mechanic"": ""compound"", ""level"": ""beginner"", ""curated"": false}"
733,Single Leg Glute Bridge,Exercise,"{""source_id"": ""Single_Leg_Glute_Bridge"", ""force"": ""push"", ""mechanic"": ""isolation"", ""level"": ""beginner"", ""curated"": false}"
734,Single Leg Push-off,Exercise,"{""source_id"": ""Single_Leg_Push-off"", ""force"": ""push"", ""mechanic"": ""compound"", ""level"": ""beginner"", ""curated"": false}"
735,Sit-Up,Exercise,"{""source_id"": ""Sit-Up"", ""force"": ""pull"", ""mechanic"": ""isolation"", ""level"": ""beginner"", ""curated"": false}"
736,Sit Squats,Exercise,"{""source_id"": ""Sit_Squats"", ""force"": ""push"", ""mechanic"": null, ""level"": ""beginner"", ""curated"": false}"
737,Skating,Exercise,"{""source_id"": ""Skating"", ""force"": null, ""mechanic"": null, ""level"": ""intermediate"", ""curated"": false}"
738,Sled Drag - Harness,Exercise,"{""source_id"": ""Sled_Drag_-_Harness"", ""force"": ""push"", ""mechanic"": ""compound"", ""level"": ""beginner"", ""curated"": false}"
739,Sled Overhead Backward Walk,Exercise,"{""source_id"": ""Sled_Overhead_Backward_Walk"", ""force"": ""pull"", ""mechanic"": ""compound"", ""level"": ""beginner"", ""curated"": false}"
740,Sled Overhead Triceps Extension,Exercise,"{""source_id"": ""Sled_Overhead_Triceps_Extension"", ""force"": ""push"", ""mechanic"": ""isolation"", ""level"": ""beginner"", ""curated"": false}"
741,Sled Push,Exercise,"{""source_id"": ""Sled_Push"", ""force"": ""push"", ""mechanic"": ""compound"", ""level"": ""beginner"", ""curated"": false}"
742,Sled Reverse Flye,Exercise,"{""source_id"": ""Sled_Reverse_Flye"", ""force"": ""pull"", ""mechanic"": ""isolation"", ""level"": ""beginner"", ""curated"": false}"
743,Sled Row,Exercise,"{""source_id"": ""Sled_Row"", ""force"": ""pull"", ""mechanic"": ""compound"", ""level"": ""beginner"", ""curated"": false}"
744,Sledgehammer Swings,Exercise,"{""source_id"": ""Sledgehammer_Swings"", ""force"": ""pull"", ""mechanic"": ""compound"", ""level"": ""beginner"", ""curated"": false}"
745,Smith Incline Shoulder Raise,Exercise,"{""source_id"": ""Smith_Incline_Shoulder_Raise"", ""force"": ""push"", ""mechanic"": ""isolation"", ""level"": ""beginner"", ""curated"": false}"
746,Smith Machine Behind the Back Shrug,Exercise,"{""source_id"": ""Smith_Machine_Behind_the_Back_Shrug"", ""force"": ""pull"", ""mechanic"": ""isolation"", ""level"": ""beginner"", ""curated"": false}"
747,Smith Machine Bench Press,Exercise,"{""source_id"": ""Smith_Machine_Bench_Press"", ""force"": ""push"", ""mechanic"": ""compound"", ""level"": ""beginner"", ""curated"": false}"
748,Smith Machine Bent Over Row,Exercise,"{""source_id"": ""Smith_Machine_Bent_Over_Row"", ""force"": ""pull"", ""mechanic"": ""compound"", ""level"": ""beginner"", ""curated"": false}"
749,Smith Machine Calf Raise,Exercise,"{""source_id"": ""Smith_Machine_Calf_Raise"", ""force"": ""push"", ""mechanic"": ""isolation"", ""level"": ""beginner"", ""curated"": false}"
750,Smith Machine Close-Grip Bench Press,Exercise,"{""source_id"": ""Smith_Machine_Close-Grip_Bench_Press"", ""force"": ""push"", ""mechanic"": ""compound"", ""level"": ""beginner"", ""curated"": false}"
751,Smith Machine Decline Press,Exercise,"{""source_id"": ""Smith_Machine_Decline_Press"", ""force"": null, ""mechanic"": ""compound"", ""level"": ""beginner"", ""curated"": false}"
752,Smith Machine Hang Power Clean,Exercise,"{""source_id"": ""Smith_Machine_Hang_Power_Clean"", ""force"": ""pull"", ""mechanic"": ""compound"", ""level"": ""intermediate"", ""curated"": false}"
753,Smith Machine Hip Raise,Exercise,"{""source_id"": ""Smith_Machine_Hip_Raise"", ""force"": ""pull"", ""mechanic"": ""isolation"", ""level"": ""beginner"", ""curated"": false}"
754,Smith Machine Incline Bench Press,Exercise,"{""source_id"": ""Smith_Machine_Incline_Bench_Press"", ""force"": ""push"", ""mechanic"": ""compound"", ""level"": ""beginner"", ""curated"": false}"
755,Smith Machine Leg Press,Exercise,"{""source_id"": ""Smith_Machine_Leg_Press"", ""force"": ""push"", ""mechanic"": ""compound"", ""level"": ""intermediate"", ""curated"": false}"
756,Smith Machine One-Arm Upright Row,Exercise,"{""source_id"": ""Smith_Machine_One-Arm_Upright_Row"", ""force"": ""pull"", ""mechanic"": ""compound"", ""level"": ""beginner"", ""curated"": false}"
757,Smith Machine Overhead Shoulder Press,Exercise,"{""source_id"": ""Smith_Machine_Overhead_Shoulder_Press"", ""force"": ""push"", ""mechanic"": ""compound"", ""level"": ""beginner"", ""curated"": false}"
758,Smith Machine Pistol Squat,Exercise,"{""source_id"": ""Smith_Machine_Pistol_Squat"", ""force"": ""push"", ""mechanic"": ""compound"", ""level"": ""intermediate"", ""curated"": false}"
759,Smith Machine Reverse Calf Raises,Exercise,"{""source_id"": ""Smith_Machine_Reverse_Calf_Raises"", ""force"": ""push"", ""mechanic"": ""isolation"", ""level"": ""beginner"", ""curated"": false}"
760,Smith Machine Squat,Exercise,"{""source_id"": ""Smith_Machine_Squat"", ""force"": ""push"", ""mechanic"": ""compound"", ""level"": ""beginner"", ""curated"": false}"
761,Smith Machine Stiff-Legged Deadlift,Exercise,"{""source_id"": ""Smith_Machine_Stiff-Legged_Deadlift"", ""force"": ""pull"", ""mechanic"": ""compound"", ""level"": ""beginner"", ""curated"": false}"
762,Smith Machine Upright Row,Exercise,"{""source_id"": ""Smith_Machine_Upright_Row"", ""force"": ""pull"", ""mechanic"": ""compound"", ""level"": ""beginner"", ""curated"": false}"
763,Smith Single-Leg Split Squat,Exercise,"{""source_id"": ""Smith_Single-Leg_Split_Squat"", ""force"": ""push"", ""mechanic"": ""compound"", ""level"": ""beginner"", ""curated"": false}"
764,Snatch,Exercise,"{""source_id"": ""Snatch"", ""force"": ""pull"", ""mechanic"": ""compound"", ""level"": ""intermediate"", ""curated"": false}"
765,Snatch Balance,Exercise,"{""source_id"": ""Snatch_Balance"", ""force"": ""push"", ""mechanic"": ""compound"", ""level"": ""intermediate"", ""curated"": false}"
766,Snatch Deadlift,Exercise,"{""source_id"": ""Snatch_Deadlift"", ""force"": ""pull"", ""mechanic"": ""compound"", ""level"": ""intermediate"", ""curated"": false}"
767,Snatch Pull,Exercise,"{""source_id"": ""Snatch_Pull"", ""force"": ""pull"", ""mechanic"": ""compound"", ""level"": ""intermediate"", ""curated"": false}"
768,Snatch Shrug,Exercise,"{""source_id"": ""Snatch_Shrug"", ""force"": ""pull"", ""mechanic"": ""compound"", ""level"": ""intermediate"", ""curated"": false}"
769,Snatch from Blocks,Exercise,"{""source_id"": ""Snatch_from_Blocks"", ""force"": ""pull"", ""mechanic"": ""compound"", ""level"": ""expert"", ""curated"": false}"
770,Speed Band Overhead Triceps,Exercise,"{""source_id"": ""Speed_Band_Overhead_Triceps"", ""force"": ""push"", ""mechanic"": ""isolation"", ""level"": ""beginner"", ""curated"": false}"
771,Speed Box Squat,Exercise,"{""source_id"": ""Speed_Box_Squat"", ""force"": ""push"", ""mechanic"": ""compound"", ""level"": ""intermediate"", ""curated"": false}"
772,Speed Squats,Exercise,"{""source_id"": ""Speed_Squats"", ""force"": ""push"", ""mechanic"": ""compound"", ""level"": ""expert"", ""curated"": false}"
773,Spell Caster,Exercise,"{""source_id"": ""Spell_Caster"", ""force"": ""pull"", ""mechanic"": ""compound"", ""level"": ""beginner"", ""curated"": false}"
774,Spider Crawl,Exercise,"{""source_id"": ""Spider_Crawl"", ""force"": ""pull"", ""mechanic"": ""compound"", ""level"": ""beginner"", ""curated"": false}"
775,Spider Curl,Exercise,"{""source_id"": ""Spider_Curl"", ""force"": ""pull"", ""mechanic"": ""isolation"", ""level"": ""beginner"", ""curated"": false}"
776,Spinal Stretch,Exercise,"{""source_id"": ""Spinal_Stretch"", ""force"": ""static"", ""mechanic"": ""isolation"", ""level"": ""beginner"", ""curated"": false}"
777,Split Clean,Exercise,"{""source_id"": ""Split_Clean"", ""force"": ""pull"", ""mechanic"": ""compound"", ""level"": ""intermediate"", ""curated"": false}"
778,Split Jerk,Exercise,"{""source_id"": ""Split_Jerk"", ""force"": ""push"", ""mechanic"": ""compound"", ""level"": ""intermediate"", ""curated"": false}"
779,Split Jump,Exercise,"{""source_id"": ""Split_Jump"", ""force"": ""push"", ""mechanic"": ""compound"", ""level"": ""beginner"", ""curated"": false}"
780,Split Snatch,Exercise,"{""source_id"": ""Split_Snatch"", ""force"": ""pull"", ""mechanic"": ""compound"", ""level"": ""expert"", ""curated"": false}"
781,Split Squat with Dumbbells,Exercise,"{""source_id"": ""Split_Squat_with_Dumbbells"", ""force"": ""push"", ""mechanic"": ""compound"", ""level"": ""beginner"", ""curated"": false}"
782,Split Squats,Exercise,"{""source_id"": ""Split_Squats"", ""force"": ""push"", ""mechanic"": null, ""level"": ""intermediate"", ""curated"": false}"
783,Squat Jerk,Exercise,"{""source_id"": ""Squat_Jerk"", ""force"": ""push"", ""mechanic"": ""compound"", ""level"": ""expert"", ""curated"": false}"
784,Squat with Bands,Exercise,"{""source_id"": ""Squat_with_Bands"", ""force"": ""push"", ""mechanic"": ""compound"", ""level"": ""intermediate"", ""curated"": false}"
785,Squat with Chains,Exercise,"{""source_id"": ""Squat_with_Chains"", ""force"": ""push"", ""mechanic"": ""compound"", ""level"": ""intermediate"", ""curated"": false}"
786,Squat with Plate Movers,Exercise,"{""source_id"": ""Squat_with_Plate_Movers"", ""force"": ""push"", ""mechanic"": ""compound"", ""level"": ""intermediate"", ""curated"": false}"
787,Squats - With Bands,Exercise,"{""source_id"": ""Squats_-_With_Bands"", ""force"": ""push"", ""mechanic"": ""compound"", ""level"": ""beginner"", ""curated"": false}"
788,Stairmaster,Exercise,"{""source_id"": ""Stairmaster"", ""force"": null, ""mechanic"": null, ""level"": ""intermediate"", ""curated"": false}"
789,Standing Alternating Dumbbell Press,Exercise,"{""source_id"": ""Standing_Alternating_Dumbbell_Press"", ""force"": ""push"", ""mechanic"": ""compound"", ""level"": ""beginner"", ""curated"": false}"
790,Standing Barbell Calf Raise,Exercise,"{""source_id"": ""Standing_Barbell_Calf_Raise"", ""force"": ""push"", ""mechanic"": ""isolation"", ""level"": ""beginner"", ""curated"": false}"
791,Standing Barbell Press Behind Neck,Exercise,"{""source_id"": ""Standing_Barbell_Press_Behind_Neck"", ""force"": ""push"", ""mechanic"": ""compound"", ""level"": ""intermediate"", ""curated"": false}"
792,Standing Bent-Over One-Arm Dumbbell Triceps Extension,Exercise,"{""source_id"": ""Standing_Bent-Over_One-Arm_Dumbbell_Triceps_Extension"", ""force"": ""push"", ""mechanic"": ""isolation"", ""level"": ""beginner"", ""curated"": false}"
793,Standing Bent-Over Two-Arm Dumbbell Triceps Extension,Exercise,"{""source_id"": ""Standing_Bent-Over_Two-Arm_Dumbbell_Triceps_Extension"", ""force"": ""push"", ""mechanic"": ""isolation"", ""level"": ""beginner"", ""curated"": false}"
794,Standing Biceps Cable Curl,Exercise,"{""source_id"": ""Standing_Biceps_Cable_Curl"", ""force"": ""pull"", ""mechanic"": ""isolation"", ""level"": ""beginner"", ""curated"": false}"
795,Standing Biceps Stretch,Exercise,"{""source_id"": ""Standing_Biceps_Stretch"", ""force"": ""static"", ""mechanic"": ""isolation"", ""level"": ""beginner"", ""curated"": false}"
796,Standing Bradford Press,Exercise,"{""source_id"": ""Standing_Bradford_Press"", ""force"": ""push"", ""mechanic"": ""compound"", ""level"": ""beginner"", ""curated"": false}"
797,Standing Cable Chest Press,Exercise,"{""source_id"": ""Standing_Cable_Chest_Press"", ""force"": ""push"", ""mechanic"": ""compound"", ""level"": ""beginner"", ""curated"": false}"
798,Standing Cable Lift,Exercise,"{""source_id"": ""Standing_Cable_Lift"", ""force"": ""pull"", ""mechanic"": ""compound"", ""level"": ""beginner"", ""curated"": false}"
799,Standing Cable Wood Chop,Exercise,"{""source_id"": ""Standing_Cable_Wood_Chop"", ""force"": ""pull"", ""mechanic"": ""compound"", ""level"": ""beginner"", ""curated"": false}"
800,Standing Calf Raises,Exercise,"{""source_id"": ""Standing_Calf_Raises"", ""force"": ""push"", ""mechanic"": ""isolation"", ""level"": ""beginner"", ""curated"": false}"
801,Standing Concentration Curl,Exercise,"{""source_id"": ""Standing_Concentration_Curl"", ""force"": ""pull"", ""mechanic"": ""isolation"", ""level"": ""beginner"", ""curated"": false}"
802,Standing Dumbbell Calf Raise,Exercise,"{""source_id"": ""Standing_Dumbbell_Calf_Raise"", ""force"": ""push"", ""mechanic"": ""isolation"", ""level"": ""intermediate"", ""curated"": false}"
803,Standing Dumbbell Press,Exercise,"{""source_id"": ""Standing_Dumbbell_Press"", ""force"": ""push"", ""mechanic"": ""compound"", ""level"": ""beginner"", ""curated"": false}"
804,Standing Dumbbell Reverse Curl,Exercise,"{""source_id"": ""Standing_Dumbbell_Reverse_Curl"", ""force"": ""pull"", ""mechanic"": ""isolation"", ""level"": ""intermediate"", ""curated"": false}"
805,Standing Dumbbell Straight-Arm Front Delt Raise Above Head,Exercise,"{""source_id"": ""Standing_Dumbbell_Straight-Arm_Front_Delt_Raise_Above_Head"", ""force"": ""push"", ""mechanic"": ""isolation"", ""level"": ""intermediate"", ""curated"": false}"
806,Standing Dumbbell Triceps Extension,Exercise,"{""source_id"": ""Standing_Dumbbell_Triceps_Extension"", ""force"": ""push"", ""mechanic"": ""isolation"", ""level"": ""beginner"", ""curated"": false}"
807,Standing Dumbbell Upright Row,Exercise,"{""source_id"": ""Standing_Dumbbell_Upright_Row"", ""force"": ""pull"", ""mechanic"": ""compound"", ""level"": ""beginner"", ""curated"": false}"
808,Standing Elevated Quad Stretch,Exercise,"{""source_id"": ""Standing_Elevated_Quad_Stretch"", ""force"": ""static"", ""mechanic"": null, ""level"": ""beginner"", ""curated"": false}"
809,Standing Front Barbell Raise Over Head,Exercise,"{""source_id"": ""Standing_Front_Barbell_Raise_Over_Head"", ""force"": ""push"", ""mechanic"": ""isolation"", ""level"": ""intermediate"", ""curated"": false}"
810,Standing Gastrocnemius Calf Stretch,Exercise,"{""source_id"": ""Standing_Gastrocnemius_Calf_Stretch"", ""force"": ""static"", ""mechanic"": null, ""level"": ""beginner"", ""curated"": false}"
811,Standing Hamstring and Calf Stretch,Exercise,"{""source_id"": ""Standing_Hamstring_and_Calf_Stretch"", ""force"": ""static"", ""mechanic"": null, ""level"": ""beginner"", ""curated"": false}"
812,Standing Hip Circles,Exercise,"{""source_id"": ""Standing_Hip_Circles"", ""force"": ""pull"", ""mechanic"": ""isolation"", ""level"": ""beginner"", ""curated"": false}"
813,Standing Hip Flexors,Exercise,"{""source_id"": ""Standing_Hip_Flexors"", ""force"": ""static"", ""mechanic"": ""isolation"", ""level"": ""beginner"", ""curated"": false}"
814,Standing Inner-Biceps Curl,Exercise,"{""source_id"": ""Standing_Inner-Biceps_Curl"", ""force"": ""pull"", ""mechanic"": ""isolation"", ""level"": ""intermediate"", ""curated"": false}"
815,Standing Lateral Stretch,Exercise,"{""source_id"": ""Standing_Lateral_Stretch"", ""force"": ""static"", ""mechanic"": null, ""level"": ""beginner"", ""curated"": false}"
816,Standing Leg Curl,Exercise,"{""source_id"": ""Standing_Leg_Curl"", ""force"": ""pull"", ""mechanic"": ""isolation"", ""level"": ""beginner"", ""curated"": false}"
817,Standing Long Jump,Exercise,"{""source_id"": ""Standing_Long_Jump"", ""force"": ""push"", ""mechanic"": ""compound"", ""level"": ""beginner"", ""curated"": false}"
818,Standing Low-Pulley Deltoid Raise,Exercise,"{""source_id"": ""Standing_Low-Pulley_Deltoid_Raise"", ""force"": ""push"", ""mechanic"": ""isolation"", ""level"": ""beginner"", ""curated"": false}"
819,Standing Low-Pulley One-Arm Triceps Extension,Exercise,"{""source_id"": ""Standing_Low-Pulley_One-Arm_Triceps_Extension"", ""force"": ""push"", ""mechanic"": ""isolation"", ""level"": ""intermediate"", ""curated"": false}"
820,Standing Military Press,Exercise,"{""source_id"": ""Standing_Military_Press"", ""force"": ""push"", ""mechanic"": ""compound"", ""level"": ""beginner"", ""curated"": false}"
821,Standing Olympic Plate Hand Squeeze,Exercise,"{""source_id"": ""Standing_Olympic_Plate_Hand_Squeeze"", ""force"": ""static"", ""mechanic"": ""isolation"", ""level"": ""beginner"", ""curated"": false}"
822,Standing One-Arm Cable Curl,Exercise,"{""source_id"": ""Standing_One-Arm_Cable_Curl"", ""force"": ""pull"", ""mechanic"": ""isolation"", ""level"": ""intermediate"", ""curated"": false}"
823,Standing One-Arm Dumbbell Curl Over Incline Bench,Exercise,"{""source_id"": ""Standing_One-Arm_Dumbbell_Curl_Over_Incline_Bench"", ""force"": ""pull"", ""mechanic"": ""isolation"", ""level"": ""beginner"", ""curated"": false}"
824,Standing One-Arm Dumbbell Triceps Extension,Exercise,"{""source_id"": ""Standing_One-Arm_Dumbbell_Triceps_Extension"", ""force"": ""push"", ""mechanic"": ""isolation"", ""level"": ""beginner"", ""curated"": false}"
825,Standing Overhead Barbell Triceps Extension,Exercise,"{""source_id"": ""Standing_Overhead_Barbell_Triceps_Extension"", ""force"": ""push"", ""mechanic"": ""isolation"", ""level"": ""beginner"", ""curated"": false}"
826,Standing Palm-In One-Arm Dumbbell Press,Exercise,"{""source_id"": ""Standing_Palm-In_One-Arm_Dumbbell_Press"", ""force"": ""push"", ""mechanic"": ""compound"", ""level"": ""beginner"", ""curated"": false}"
827,Standing Palms-In Dumbbell Press,Exercise,"{""source_id"": ""Standing_Palms-In_Dumbbell_Press"", ""force"": ""push"", ""mechanic"": ""compound"", ""level"": ""intermediate"", ""curated"": false}"
828,Standing Palms-Up Barbell Behind The Back Wrist Curl,Exercise,"{""source_id"": ""Standing_Palms-Up_Barbell_Behind_The_Back_Wrist_Curl"", ""force"": ""pull"", ""mechanic"": ""isolation"", ""level"": ""beginner"", ""curated"": false}"
829,Standing Pelvic Tilt,Exercise,"{""source_id"": ""Standing_Pelvic_Tilt"", ""force"": ""static"", ""mechanic"": ""isolation"", ""level"": ""beginner"", ""curated"": false}"
830,Standing Rope Crunch,Exercise,"{""source_id"": ""Standing_Rope_Crunch"", ""force"": ""pull"", ""mechanic"": ""isolation"", ""level"": ""beginner"", ""curated"": false}"
831,Standing Soleus And Achilles Stretch,Exercise,"{""source_id"": ""Standing_Soleus_And_Achilles_Stretch"", ""force"": ""static"", ""mechanic"": ""isolation"", ""level"": ""beginner"", ""curated"": false}"
832,Standing Toe Touches,Exercise,"{""source_id"": ""Standing_Toe_Touches"", ""force"": ""static"", ""mechanic"": null, ""level"": ""beginner"", ""curated"": false}"
833,Standing Towel Triceps Extension,Exercise,"{""source_id"": ""Standing_Towel_Triceps_Extension"", ""force"": ""push"", ""mechanic"": ""isolation"", ""level"": ""beginner"", ""curated"": false}"
834,Standing Two-Arm Overhead Throw,Exercise,"{""source_id"": ""Standing_Two-Arm_Overhead_Throw"", ""force"": ""pull"", ""mechanic"": ""compound"", ""level"": ""beginner"", ""curated"": false}"
835,Star Jump,Exercise,"{""source_id"": ""Star_Jump"", ""force"": ""push"", ""mechanic"": ""compound"", ""level"": ""beginner"", ""curated"": false}"
836,Step-up with Knee Raise,Exercise,"{""source_id"": ""Step-up_with_Knee_Raise"", ""force"": ""push"", ""mechanic"": ""compound"", ""level"": ""beginner"", ""curated"": false}"
837,Step Mill,Exercise,"{""source_id"": ""Step_Mill"", ""force"": null, ""mechanic"": null, ""level"": ""intermediate"", ""curated"": false}"
838,Stiff-Legged Barbell Deadlift,Exercise,"{""source_id"": ""Stiff-Legged_Barbell_Deadlift"", ""force"": ""pull"", ""mechanic"": ""compound"", ""level"": ""intermediate"", ""curated"": false}"
839,Stiff-Legged Dumbbell Deadlift,Exercise,"{""source_id"": ""Stiff-Legged_Dumbbell_Deadlift"", ""force"": ""pull"", ""mechanic"": ""compound"", ""level"": ""beginner"", ""curated"": false}"
840,Stiff Leg Barbell Good Morning,Exercise,"{""source_id"": ""Stiff_Leg_Barbell_Good_Morning"", ""force"": ""push"", ""mechanic"": ""compound"", ""level"": ""beginner"", ""curated"": false}"
841,Stomach Vacuum,Exercise,"{""source_id"": ""Stomach_Vacuum"", ""force"": ""static"", ""mechanic"": ""isolation"", ""level"": ""beginner"", ""curated"": false}"
842,Straight-Arm Dumbbell Pullover,Exercise,"{""source_id"": ""Straight-Arm_Dumbbell_Pullover"", ""force"": ""pull"", ""mechanic"": ""compound"", ""level"": ""intermediate"", ""curated"": false}"
843,Straight-Arm Pulldown,Exercise,"{""source_id"": ""Straight-Arm_Pulldown"", ""force"": ""pull"", ""mechanic"": ""isolation"", ""level"": ""beginner"", ""curated"": false}"
844,Straight Bar Bench Mid Rows,Exercise,"{""source_id"": ""Straight_Bar_Bench_Mid_Rows"", ""force"": ""pull"", ""mechanic"": ""compound"", ""level"": ""beginner"", ""curated"": false}"
845,Straight Raises on Incline Bench,Exercise,"{""source_id"": ""Straight_Raises_on_Incline_Bench"", ""force"": ""push"", ""mechanic"": ""isolation"", ""level"": ""beginner"", ""curated"": false}"
846,Stride Jump Crossover,Exercise,"{""source_id"": ""Stride_Jump_Crossover"", ""force"": ""push"", ""mechanic"": ""compound"", ""level"": ""beginner"", ""curated"": false}"
847,Sumo Deadlift,Exercise,"{""source_id"": ""Sumo_Deadlift"", ""force"": ""pull"", ""mechanic"": ""compound"", ""level"": ""intermediate"", ""curated"": false}"
848,Sumo Deadlift with Bands,Exercise,"{""source_id"": ""Sumo_Deadlift_with_Bands"", ""force"": ""pull"", ""mechanic"": ""compound"", ""level"": ""intermediate"", ""curated"": false}"
849,Sumo Deadlift with Chains,Exercise,"{""source_id"": ""Sumo_Deadlift_with_Chains"", ""force"": ""pull"", ""mechanic"": ""compound"", ""level"": ""intermediate"", ""curated"": false}"
850,Superman,Exercise,"{""source_id"": ""Superman"", ""force"": ""static"", ""mechanic"": ""compound"", ""level"": ""beginner"", ""curated"": false}"
851,Supine Chest Throw,Exercise,"{""source_id"": ""Supine_Chest_Throw"", ""force"": ""push"", ""mechanic"": ""compound"", ""level"": ""beginner"", ""curated"": false}"
852,Supine One-Arm Overhead Throw,Exercise,"{""source_id"": ""Supine_One-Arm_Overhead_Throw"", ""force"": ""pull"", ""mechanic"": ""compound"", ""level"": ""beginner"", ""curated"": false}"
853,Supine Two-Arm Overhead Throw,Exercise,"{""source_id"": ""Supine_Two-Arm_Overhead_Throw"", ""force"": ""pull"", ""mechanic"": ""compound"", ""level"": ""beginner"", ""curated"": false}"
854,Suspended Fallout,Exercise,"{""source_id"": ""Suspended_Fallout"", ""force"": ""pull"", ""mechanic"": ""isolation"", ""level"": ""intermediate"", ""curated"": false}"
855,Suspended Push-Up,Exercise,"{""source_id"": ""Suspended_Push-Up"", ""force"": ""push"", ""mechanic"": ""compound"", ""level"": ""beginner"", ""curated"": false}"
856,Suspended Reverse Crunch,Exercise,"{""source_id"": ""Suspended_Reverse_Crunch"", ""force"": ""pull"", ""mechanic"": ""isolation"", ""level"": ""beginner"", ""curated"": false}"
857,Suspended Row,Exercise,"{""source_id"": ""Suspended_Row"", ""force"": ""pull"", ""mechanic"": ""compound"", ""level"": ""beginner"", ""curated"": false}"
858,Suspended Split Squat,Exercise,"{""source_id"": ""Suspended_Split_Squat"", ""force"": ""push"", ""mechanic"": ""compound"", ""level"": ""intermediate"", ""curated"": false}"
859,Svend Press,Exercise,"{""source_id"": ""Svend_Press"", ""force"": ""push"", ""mechanic"": ""compound"", ""level"": ""beginner"", ""curated"": false}"
860,T-Bar Row with Handle,Exercise,"{""source_id"": ""T-Bar_Row_with_Handle"", ""force"": ""pull"", ""mechanic"": ""compound"", ""level"": ""beginner"", ""curated"": false}"
861,Tate Press,Exercise,"{""source_id"": ""Tate_Press"", ""force"": ""push"", ""mechanic"": ""isolation"", ""level"": ""intermediate"", ""curated"": false}"
862,The Straddle,Exercise,"{""source_id"": ""The_Straddle"", ""force"": ""static"", ""mechanic"": null, ""level"": ""beginner"", ""curated"": false}"
863,Thigh Abductor,Exercise,"{""source_id"": ""Thigh_Abductor"", ""force"": ""push"", ""mechanic"": ""isolation"", ""level"": ""beginner"", ""curated"": false}"
864,Thigh Adductor,Exercise,"{""source_id"": ""Thigh_Adductor"", ""force"": ""pull"", ""mechanic"": ""isolation"", ""level"": ""beginner"", ""curated"": false}"
865,Tire Flip,Exercise,"{""source_id"": ""Tire_Flip"", ""force"": ""pull"", ""mechanic"": ""compound"", ""level"": ""intermediate"", ""curated"": false}"
866,Toe Touchers,Exercise,"{""source_id"": ""Toe_Touchers"", ""force"": ""pull"", ""mechanic"": ""isolation"", ""level"": ""beginner"", ""curated"": false}"
867,Torso Rotation,Exercise,"{""source_id"": ""Torso_Rotation"", ""force"": ""pull"", ""mechanic"": null, ""level"": ""beginner"", ""curated"": false}"
868,Trail Running/Walking,Exercise,"{""source_id"": ""Trail_Running_Walking"", ""force"": null, ""mechanic"": null, ""level"": ""beginner"", ""curated"": false}"
869,Trap Bar Deadlift,Exercise,"{""source_id"": ""Trap_Bar_Deadlift"", ""force"": ""pull"", ""mechanic"": ""compound"", ""level"": ""beginner"", ""curated"": false}"
870,Tricep Dumbbell Kickback,Exercise,"{""source_id"": ""Tricep_Dumbbell_Kickback"", ""force"": ""push"", ""mechanic"": ""isolation"", ""level"": ""beginner"", ""curated"": false}"
871,Tricep Side Stretch,Exercise,"{""source_id"": ""Tricep_Side_Stretch"", ""force"": ""static"", ""mechanic"": null, ""level"": ""beginner"", ""curated"": false}"
872,Triceps Overhead Extension with Rope,Exercise,"{""source_id"": ""Triceps_Overhead_Extension_with_Rope"", ""force"": ""push"", ""mechanic"": ""isolation"", ""level"": ""beginner"", ""curated"": false}"
873,Triceps Pushdown,Exercise,"{""source_id"": ""Triceps_Pushdown"", ""force"": ""push"", ""mechanic"": ""isolation"", ""level"": ""beginner"", ""curated"": false}"
874,Triceps Pushdown - Rope Attachment,Exercise,"{""source_id"": ""Triceps_Pushdown_-_Rope_Attachment"", ""force"": ""push"", ""mechanic"": ""isolation"", ""level"": ""beginner"", ""curated"": false}"
875,Triceps Pushdown - V-Bar Attachment,Exercise,"{""source_id"": ""Triceps_Pushdown_-_V-Bar_Attachment"", ""force"": ""push"", ""mechanic"": ""isolation"", ""level"": ""beginner"", ""curated"": false}"
876,Triceps Stretch,Exercise,"{""source_id"": ""Triceps_Stretch"", ""force"": ""static"", ""mechanic"": ""isolation"", ""level"": ""beginner"", ""curated"": false}"
877,Tuck Crunch,Exercise,"{""source_id"": ""Tuck_Crunch"", ""force"": ""pull"", ""mechanic"": ""isolation"", ""level"": ""beginner"", ""curated"": false}"
878,Two-Arm Dumbbell Preacher Curl,Exercise,"{""source_id"": ""Two-Arm_Dumbbell_Preacher_Curl"", ""force"": ""pull"", ""mechanic"": ""isolation"", ""level"": ""beginner"", ""curated"": false}"
879,Two-Arm Kettlebell Clean,Exercise,"{""source_id"": ""Two-Arm_Kettlebell_Clean"", ""force"": ""pull"", ""mechanic"": ""compound"", ""level"": ""intermediate"", ""curated"": false}"
880,Two-Arm Kettlebell Jerk,Exercise,"{""source_id"": ""Two-Arm_Kettlebell_Jerk"", ""force"": ""push"", ""mechanic"": ""compound"", ""level"": ""intermediate"", ""curated"": false}"
881,Two-Arm Kettlebell Military Press,Exercise,"{""source_id"": ""Two-Arm_Kettlebell_Military_Press"", ""force"": ""push"", ""mechanic"": ""compound"", ""level"": ""intermediate"", ""curated"": false}"
882,Two-Arm Kettlebell Row,Exercise,"{""source_id"": ""Two-Arm_Kettlebell_Row"", ""force"": ""pull"", ""mechanic"": ""compound"", ""level"": ""intermediate"", ""curated"": false}"
883,Underhand Cable Pulldowns,Exercise,"{""source_id"": ""Underhand_Cable_Pulldowns"", ""force"": ""pull"", ""mechanic"": ""compound"", ""level"": ""beginner"", ""curated"": false}"
884,Upper Back-Leg Grab,Exercise,"{""source_id"": ""Upper_Back-Leg_Grab"", ""force"": ""static"", ""mechanic"": null, ""level"": ""beginner"", ""curated"": false}"
885,Upper Back Stretch,Exercise,"{""source_id"": ""Upper_Back_Stretch"", ""force"": ""static"", ""mechanic"": null, ""level"": ""beginner"", ""curated"": false}"
886,Upright Barbell Row,Exercise,"{""source_id"": ""Upright_Barbell_Row"", ""force"": ""pull"", ""mechanic"": ""compound"", ""level"": ""beginner"", ""curated"": false}"
887,Upright Cable Row,Exercise,"{""source_id"": ""Upright_Cable_Row"", ""force"": ""pull"", ""mechanic"": ""compound"", ""level"": ""intermediate"", ""curated"": false}"
888,Upright Row - With Bands,Exercise,"{""source_id"": ""Upright_Row_-_With_Bands"", ""force"": ""pull"", ""mechanic"": ""compound"", ""level"": ""beginner"", ""curated"": false}"
889,Upward Stretch,Exercise,"{""source_id"": ""Upward_Stretch"", ""force"": ""static"", ""mechanic"": null, ""level"": ""beginner"", ""curated"": false}"
890,V-Bar Pulldown,Exercise,"{""source_id"": ""V-Bar_Pulldown"", ""force"": ""pull"", ""mechanic"": ""compound"", ""level"": ""intermediate"", ""curated"": false}"
891,V-Bar Pullup,Exercise,"{""source_id"": ""V-Bar_Pullup"", ""force"": ""pull"", ""mechanic"": ""compound"", ""level"": ""beginner"", ""curated"": false}"
892,Vertical Swing,Exercise,"{""source_id"": ""Vertical_Swing"", ""force"": ""pull"", ""mechanic"": ""compound"", ""level"": ""beginner"", ""curated"": false}"
893,"Walking, Treadmill",Exercise,"{""source_id"": ""Walking_Treadmill"", ""force"": null, ""mechanic"": null, ""level"": ""beginner"", ""curated"": false}"
894,Weighted Ball Hyperextension,Exercise,"{""source_id"": ""Weighted_Ball_Hyperextension"", ""force"": ""pull"", ""mechanic"": ""compound"", ""level"": ""intermediate"", ""curated"": false}"
895,Weighted Ball Side Bend,Exercise,"{""source_id"": ""Weighted_Ball_Side_Bend"", ""force"": ""pull"", ""mechanic"": ""isolation"", ""level"": ""intermediate"", ""curated"": false}"
896,Weighted Bench Dip,Exercise,"{""source_id"": ""Weighted_Bench_Dip"", ""force"": ""push"", ""mechanic"": ""compound"", ""level"": ""intermediate"", ""curated"": false}"
897,Weighted Crunches,Exercise,"{""source_id"": ""Weighted_Crunches"", ""force"": ""pull"", ""mechanic"": ""isolation"", ""level"": ""beginner"", ""curated"": false}"
898,Weighted Jump Squat,Exercise,"{""source_id"": ""Weighted_Jump_Squat"", ""force"": ""push"", ""mechanic"": ""compound"", ""level"": ""intermediate"", ""curated"": false}"
899,Weighted Pull Ups,Exercise,"{""source_id"": ""Weighted_Pull_Ups"", ""force"": ""pull"", ""mechanic"": ""compound"", ""level"": ""intermediate"", ""curated"": false}"
900,Weighted Sissy Squat,Exercise,"{""source_id"": ""Weighted_Sissy_Squat"", ""force"": ""push"", ""mechanic"": ""compound"", ""level"": ""expert"", ""curated"": false}"
901,Weighted Sit-Ups - With Bands,Exercise,"{""source_id"": ""Weighted_Sit-Ups_-_With_Bands"", ""force"": ""pull"", ""mechanic"": ""isolation"", ""level"": ""intermediate"", ""curated"": false}"
902,Weighted Squat,Exercise,"{""source_id"": ""Weighted_Squat"", ""force"": ""push"", ""mechanic"": ""compound"", ""level"": ""intermediate"", ""curated"": false}"
903,Wide-Grip Barbell Bench Press,Exercise,"{""source_id"": ""Wide-Grip_Barbell_Bench_Press"", ""force"": ""push"", ""mechanic"": ""compound"", ""level"": ""intermediate"", ""curated"": false}"
904,Wide-Grip Decline Barbell Bench Press,Exercise,"{""source_id"": ""Wide-Grip_Decline_Barbell_Bench_Press"", ""force"": ""push"", ""mechanic"": ""compound"", ""level"": ""intermediate"", ""curated"": false}"
905,Wide-Grip Decline Barbell Pullover,Exercise,"{""source_id"": ""Wide-Grip_Decline_Barbell_Pullover"", ""force"": ""pull"", ""mechanic"": ""compound"", ""level"": ""intermediate"", ""curated"": false}"
906,Wide-Grip Lat Pulldown,Exercise,"{""source_id"": ""Wide-Grip_Lat_Pulldown"", ""force"": ""pull"", ""mechanic"": ""compound"", ""level"": ""beginner"", ""curated"": false}"
907,Wide-Grip Pulldown Behind The Neck,Exercise,"{""source_id"": ""Wide-Grip_Pulldown_Behind_The_Neck"", ""force"": ""pull"", ""mechanic"": ""compound"", ""level"": ""intermediate"", ""curated"": false}"
908,Wide-Grip Rear Pull-Up,Exercise,"{""source_id"": ""Wide-Grip_Rear_Pull-Up"", ""force"": ""pull"", ""mechanic"": ""compound"", ""level"": ""intermediate"", ""curated"": false}"
909,Wide-Grip Standing Barbell Curl,Exercise,"{""source_id"": ""Wide-Grip_Standing_Barbell_Curl"", ""force"": ""pull"", ""mechanic"": ""isolation"", ""level"": ""beginner"", ""curated"": false}"
910,Wide Stance Barbell Squat,Exercise,"{""source_id"": ""Wide_Stance_Barbell_Squat"", ""force"": ""push"", ""mechanic"": ""compound"", ""level"": ""intermediate"", ""curated"": false}"
911,Wide Stance Stiff Legs,Exercise,"{""source_id"": ""Wide_Stance_Stiff_Legs"", ""force"": ""pull"", ""mechanic"": ""compound"", ""level"": ""intermediate"", ""curated"": false}"
912,Wind Sprints,Exercise,"{""source_id"": ""Wind_Sprints"", ""force"": ""pull"", ""mechanic"": ""compound"", ""level"": ""beginner"", ""curated"": false}"
913,Windmills,Exercise,"{""source_id"": ""Windmills"", ""force"": ""pull"", ""mechanic"": null, ""level"": ""intermediate"", ""curated"": false}"
914,World's Greatest Stretch,Exercise,"{""source_id"": ""Worlds_Greatest_Stretch"", ""force"": ""static"", ""mechanic"": null, ""level"": ""intermediate"", ""curated"": false}"
915,Wrist Circles,Exercise,"{""source_id"": ""Wrist_Circles"", ""force"": ""pull"", ""mechanic"": ""isolation"", ""level"": ""beginner"", ""curated"": false}"
916,Wrist Roller,Exercise,"{""source_id"": ""Wrist_Roller"", ""force"": ""pull"", ""mechanic"": ""isolation"", ""level"": ""beginner"", ""curated"": false}"
917,Wrist Rotations with Straight Bar,Exercise,"{""source_id"": ""Wrist_Rotations_with_Straight_Bar"", ""force"": ""pull"", ""mechanic"": ""isolation"", ""level"": ""beginner"", ""curated"": false}"
918,Yoke Walk,Exercise,"{""source_id"": ""Yoke_Walk"", ""force"": null, ""mechanic"": ""compound"", ""level"": ""intermediate"", ""curated"": false}"
919,Zercher Squats,Exercise,"{""source_id"": ""Zercher_Squats"", ""force"": ""push"", ""mechanic"": ""compound"", ""level"": ""expert"", ""curated"": false}"
920,Zottman Curl,Exercise,"{""source_id"": ""Zottman_Curl"", ""force"": ""pull"", ""mechanic"": ""isolation"", ""level"": ""intermediate"", ""curated"": false}"
921,Zottman Preacher Curl,Exercise,"{""source_id"": ""Zottman_Preacher_Curl"", ""force"": ""pull"", ""mechanic"": ""isolation"", ""level"": ""intermediate"", ""curated"": false}"
